date,city,precipitation
2018-01-01,SEA,0.0
2018-01-01,PWM,0.0
2018-01-02,SEA,0.0
2018-01-02,PWM,0.0
2018-01-03,SEA,0.0
2018-01-03,PWM,0.0
2018-01-04,SEA,0.0
2018-01-04,PWM,0.62
2018-01-05,SEA,0.25
2018-01-05,PWM,0.01
2018-01-06,SEA,0.57
2018-01-06,PWM,0.0
2018-01-07,SEA,0.23
2018-01-07,PWM,0.0
2018-01-08,SEA,0.41
2018-01-08,PWM,0.02
2018-01-09,SEA,0.1475
2018-01-09,PWM,0.0
2018-01-10,SEA,0.1725
2018-01-10,PWM,0.0
2018-01-11,SEA,0.2975
2018-01-11,PWM,0.0
2018-01-12,SEA,0.5900000000000001
2018-01-12,PWM,0.59
2018-01-13,SEA,0.3425
2018-01-13,PWM,0.73
2018-01-14,SEA,0.0525
2018-01-14,PWM,0.0
2018-01-15,SEA,0.052500000000000005
2018-01-15,PWM,0.01
2018-01-16,SEA,0.025
2018-01-16,PWM,0.03
2018-01-17,SEA,0.045
2018-01-17,PWM,0.41
2018-01-18,SEA,0.155
2018-01-18,PWM,0.0
2018-01-19,SEA,0.09000000000000001
2018-01-19,PWM,0.0
2018-01-20,SEA,0.05500000000000001
2018-01-20,PWM,0.0
2018-01-21,SEA,0.1
2018-01-21,PWM,0.0
2018-01-22,SEA,0.1975
2018-01-22,PWM,0.11
2018-01-23,SEA,0.2875
2018-01-23,PWM,0.76
2018-01-24,SEA,0.29333333333333333
2018-01-24,PWM,0.0
2018-01-25,SEA,0.18666666666666668
2018-01-25,PWM,0.0
2018-01-26,SEA,0.07
2018-01-26,PWM,0.0
2018-01-27,SEA,0.065
2018-01-27,PWM,0.0
2018-01-28,SEA,0.2975
2018-01-28,PWM,0.0
2018-01-29,SEA,0.055
2018-01-29,PWM,0.0
2018-01-30,SEA,0.0825
2018-01-30,PWM,0.0
2018-01-31,SEA,0.1775
2018-01-31,PWM,0.0
2018-02-01,SEA,0.5199999999999999
2018-02-01,PWM,0.13
2018-02-02,SEA,0.27749999999999997
2018-02-02,PWM,0.16
2018-02-03,SEA,0.145
2018-02-03,PWM,0.0
2018-02-04,SEA,0.1075
2018-02-04,PWM,0.63
2018-02-05,SEA,0.21
2018-02-05,PWM,0.34
2018-02-06,SEA,0.35000000000000003
2018-02-06,PWM,0.0
2018-02-07,SEA,0.16249999999999998
2018-02-07,PWM,0.96
2018-02-08,SEA,0.0975
2018-02-08,PWM,0.0
2018-02-09,SEA,0.29750000000000004
2018-02-09,PWM,0.0
2018-02-10,SEA,0.0075
2018-02-10,PWM,0.24
2018-02-11,SEA,0.18
2018-02-11,PWM,0.52
2018-02-12,SEA,0.275
2018-02-12,PWM,0.0
2018-02-13,SEA,0.27
2018-02-13,PWM,0.0
2018-02-14,SEA,0.13749999999999998
2018-02-14,PWM,0.0
2018-02-15,SEA,0.25
2018-02-15,PWM,0.0
2018-02-16,SEA,0.056666666666666664
2018-02-16,PWM,0.1
2018-02-17,SEA,0.1366666666666667
2018-02-17,PWM,0.14
2018-02-18,SEA,0.006666666666666667
2018-02-18,PWM,0.39
2018-02-19,SEA,0.06
2018-02-19,PWM,0.01
2018-02-20,SEA,0.20500000000000002
2018-02-20,PWM,0.01
2018-02-21,SEA,0.11
2018-02-21,PWM,0.0
2018-02-22,SEA,0.03
2018-02-22,PWM,0.0
2018-02-23,SEA,0.0
2018-02-23,PWM,0.23
2018-02-24,SEA,0.095
2018-02-24,PWM,0.0
2018-02-25,SEA,0.07
2018-02-25,PWM,0.48
2018-02-26,SEA,0.005
2018-02-26,PWM,0.0
2018-02-27,SEA,0.25333333333333335
2018-02-27,PWM,0.0
2018-02-28,SEA,0.6366666666666666
2018-02-28,PWM,0.0
2018-03-01,SEA,0.26
2018-03-01,PWM,0.0
2018-03-02,SEA,0.01
2018-03-02,PWM,0.1
2018-03-03,SEA,0.14666666666666667
2018-03-03,PWM,0.0
2018-03-04,SEA,0.016666666666666666
2018-03-04,PWM,0.01
2018-03-05,SEA,0.11
2018-03-05,PWM,0.06
2018-03-06,SEA,0.23666666666666666
2018-03-06,PWM,0.0
2018-03-07,SEA,0.13
2018-03-07,PWM,0.39
2018-03-08,SEA,0.12333333333333334
2018-03-08,PWM,0.99
2018-03-09,SEA,0.037500000000000006
2018-03-09,PWM,0.0
2018-03-10,SEA,0.0
2018-03-10,PWM,0.0
2018-03-11,SEA,0.0175
2018-03-11,PWM,0.0
2018-03-12,SEA,0.0
2018-03-12,PWM,0.0
2018-03-13,SEA,0.0
2018-03-13,PWM,1.03
2018-03-14,SEA,0.2
2018-03-14,PWM,0.25
2018-03-15,SEA,0.02
2018-03-15,PWM,0.0
2018-03-16,SEA,0.0
2018-03-16,PWM,0.0
2018-03-17,SEA,0.0
2018-03-17,PWM,0.0
2018-03-18,SEA,0.0
2018-03-18,PWM,0.0
2018-03-19,SEA,0.0
2018-03-19,PWM,0.0
2018-03-20,SEA,0.0
2018-03-20,PWM,0.0
2018-03-21,SEA,0.0
2018-03-21,PWM,0.0
2018-03-22,SEA,0.25
2018-03-22,PWM,0.05
2018-03-23,SEA,0.29
2018-03-23,PWM,0.0
2018-03-24,SEA,0.63
2018-03-24,PWM,0.05
2018-03-25,SEA,0.0
2018-03-25,PWM,0.0
2018-03-26,SEA,0.0
2018-03-26,PWM,0.0
2018-03-27,SEA,0.0
2018-03-27,PWM,0.0
2018-03-28,SEA,0.07
2018-03-28,PWM,0.01
2018-03-29,SEA,0.0
2018-03-29,PWM,0.2
2018-03-30,SEA,0.0
2018-03-30,PWM,0.06
2018-03-31,SEA,0.0
2018-03-31,PWM,0.0
2018-04-01,SEA,0.01
2018-04-01,PWM,0.0
2018-04-02,SEA,0.16
2018-04-02,PWM,0.09
2018-04-03,SEA,0.0
2018-04-03,PWM,0.17
2018-04-04,SEA,0.08
2018-04-04,PWM,0.66
2018-04-05,SEA,0.24
2018-04-05,PWM,0.0
2018-04-06,SEA,0.21
2018-04-06,PWM,0.14
2018-04-07,SEA,0.43
2018-04-07,PWM,0.06
2018-04-08,SEA,0.55
2018-04-08,PWM,0.0
2018-04-09,SEA,0.04
2018-04-09,PWM,0.0
2018-04-10,SEA,0.09
2018-04-10,PWM,0.0
2018-04-11,SEA,0.19
2018-04-11,PWM,0.0
2018-04-12,SEA,0.46
2018-04-12,PWM,0.18
2018-04-13,SEA,0.18
2018-04-13,PWM,0.05
2018-04-14,SEA,0.68
2018-04-14,PWM,0.0
2018-04-15,SEA,1.65
2018-04-15,PWM,0.1
2018-04-16,SEA,0.1
2018-04-16,PWM,2.4
2018-04-17,SEA,0.11
2018-04-17,PWM,0.0
2018-04-18,SEA,0.02
2018-04-18,PWM,0.0
2018-04-19,SEA,0.0
2018-04-19,PWM,0.02
2018-04-20,SEA,0.0
2018-04-20,PWM,0.0
2018-04-21,SEA,0.05
2018-04-21,PWM,0.0
2018-04-22,SEA,0.1
2018-04-22,PWM,0.0
2018-04-23,SEA,0.0
2018-04-23,PWM,0.0
2018-04-24,SEA,0.0
2018-04-24,PWM,0.0
2018-04-25,SEA,0.0
2018-04-25,PWM,1.31
2018-04-26,SEA,0.0
2018-04-26,PWM,0.42
2018-04-27,SEA,0.0
2018-04-27,PWM,0.21
2018-04-28,SEA,0.32
2018-04-28,PWM,0.0
2018-04-29,SEA,0.27
2018-04-29,PWM,0.02
2018-04-30,SEA,0.0
2018-04-30,PWM,0.0
2018-05-01,SEA,0.0
2018-05-01,PWM,0.0
2018-05-02,SEA,0.0
2018-05-02,PWM,0.0
2018-05-03,SEA,0.0
2018-05-03,PWM,0.3
2018-05-04,SEA,0.0
2018-05-04,PWM,0.01
2018-05-05,SEA,0.0
2018-05-05,PWM,0.0
2018-05-06,SEA,0.03
2018-05-06,PWM,0.05
2018-05-07,SEA,0.0
2018-05-07,PWM,0.0
2018-05-08,SEA,0.0
2018-05-08,PWM,0.0
2018-05-09,SEA,0.05
2018-05-09,PWM,0.0
2018-05-10,SEA,0.0
2018-05-10,PWM,0.0
2018-05-11,SEA,0.0
2018-05-11,PWM,0.0
2018-05-12,SEA,0.0
2018-05-12,PWM,0.0
2018-05-13,SEA,0.0
2018-05-13,PWM,0.0
2018-05-14,SEA,0.0
2018-05-14,PWM,0.0
2018-05-15,SEA,0.0
2018-05-15,PWM,0.09
2018-05-16,SEA,0.0
2018-05-16,PWM,0.0
2018-05-17,SEA,0.0
2018-05-17,PWM,0.0
2018-05-18,SEA,0.0
2018-05-18,PWM,0.0
2018-05-19,SEA,0.0
2018-05-19,PWM,0.27
2018-05-20,SEA,0.12
2018-05-20,PWM,0.0
2018-05-21,SEA,0.0
2018-05-21,PWM,0.0
2018-05-22,SEA,0.0
2018-05-22,PWM,0.03
2018-05-23,SEA,0.0
2018-05-23,PWM,0.0
2018-05-24,SEA,0.0
2018-05-24,PWM,0.0
2018-05-25,SEA,0.01
2018-05-25,PWM,0.0
2018-05-26,SEA,0.0
2018-05-26,PWM,0.04
2018-05-27,SEA,0.0
2018-05-27,PWM,0.0
2018-05-28,SEA,0.0
2018-05-28,PWM,0.0
2018-05-29,SEA,0.0
2018-05-29,PWM,0.0
2018-05-30,SEA,0.0
2018-05-30,PWM,0.0
2018-05-31,SEA,0.0
2018-05-31,PWM,0.0
2018-06-01,SEA,0.0
2018-06-01,PWM,0.0
2018-06-02,SEA,0.0
2018-06-02,PWM,0.0
2018-06-03,SEA,0.0
2018-06-03,PWM,0.0
2018-06-04,SEA,0.05
2018-06-04,PWM,0.4
2018-06-05,SEA,0.04
2018-06-05,PWM,0.04
2018-06-06,SEA,0.0
2018-06-06,PWM,0.01
2018-06-07,SEA,0.0
2018-06-07,PWM,0.0
2018-06-08,SEA,0.0
2018-06-08,PWM,0.0
2018-06-09,SEA,0.26
2018-06-09,PWM,0.0
2018-06-10,SEA,0.13
2018-06-10,PWM,0.0
2018-06-11,SEA,0.21
2018-06-11,PWM,0.0
2018-06-12,SEA,0.0
2018-06-12,PWM,0.0
2018-06-13,SEA,0.2
2018-06-13,PWM,0.0
2018-06-14,SEA,0.05
2018-06-14,PWM,0.07
2018-06-15,SEA,0.0
2018-06-15,PWM,0.0
2018-06-16,SEA,0.0
2018-06-16,PWM,0.0
2018-06-17,SEA,0.0
2018-06-17,PWM,0.0
2018-06-18,SEA,0.0
2018-06-18,PWM,1.09
2018-06-19,SEA,0.0
2018-06-19,PWM,0.05
2018-06-20,SEA,0.0
2018-06-20,PWM,0.0
2018-06-21,SEA,0.0
2018-06-21,PWM,0.0
2018-06-22,SEA,0.0
2018-06-22,PWM,0.0
2018-06-23,SEA,0.18
2018-06-23,PWM,0.18
2018-06-24,SEA,0.0
2018-06-24,PWM,0.01
2018-06-25,SEA,0.17
2018-06-25,PWM,0.03
2018-06-26,SEA,0.15
2018-06-26,PWM,0.0
2018-06-27,SEA,0.0
2018-06-27,PWM,0.04
2018-06-28,SEA,0.0
2018-06-28,PWM,1.38
2018-06-29,SEA,0.0
2018-06-29,PWM,0.0
2018-06-30,SEA,0.0
2018-06-30,PWM,0.0
2018-07-01,SEA,0.02
2018-07-01,PWM,0.05
2018-07-02,SEA,0.01
2018-07-02,PWM,0.0
2018-07-03,SEA,0.0
2018-07-03,PWM,0.0
2018-07-04,SEA,0.0
2018-07-04,PWM,0.0
2018-07-05,SEA,0.0
2018-07-05,PWM,0.0
2018-07-06,SEA,0.0
2018-07-06,PWM,0.09
2018-07-07,SEA,0.0
2018-07-07,PWM,0.0
2018-07-08,SEA,0.0
2018-07-08,PWM,0.0
2018-07-09,SEA,0.0
2018-07-09,PWM,0.0
2018-07-10,SEA,0.0
2018-07-10,PWM,0.0
2018-07-11,SEA,0.0
2018-07-11,PWM,0.0
2018-07-12,SEA,0.0
2018-07-12,PWM,0.0
2018-07-13,SEA,0.0
2018-07-13,PWM,0.0
2018-07-14,SEA,0.0
2018-07-14,PWM,0.0
2018-07-15,SEA,0.0
2018-07-15,PWM,0.0
2018-07-16,SEA,0.0
2018-07-16,PWM,0.0
2018-07-17,SEA,0.0
2018-07-17,PWM,1.17
2018-07-18,SEA,0.0
2018-07-18,PWM,0.0
2018-07-19,SEA,0.0
2018-07-19,PWM,0.0
2018-07-20,SEA,0.0
2018-07-20,PWM,0.0
2018-07-21,SEA,0.0
2018-07-21,PWM,0.0
2018-07-22,SEA,0.0
2018-07-22,PWM,0.33
2018-07-23,SEA,0.0
2018-07-23,PWM,0.07
2018-07-24,SEA,0.0
2018-07-24,PWM,0.0
2018-07-25,SEA,0.0
2018-07-25,PWM,0.0
2018-07-26,SEA,0.0
2018-07-26,PWM,1.05
2018-07-27,SEA,0.0
2018-07-27,PWM,0.68
2018-07-28,SEA,0.0
2018-07-28,PWM,0.15
2018-07-29,SEA,0.0
2018-07-29,PWM,0.0
2018-07-30,SEA,0.0
2018-07-30,PWM,0.0
2018-07-31,SEA,0.0
2018-07-31,PWM,0.0
2018-08-01,SEA,0.0
2018-08-01,PWM,0.82
2018-08-02,SEA,0.0
2018-08-02,PWM,0.0
2018-08-03,SEA,0.04
2018-08-03,PWM,0.55
2018-08-04,SEA,0.01
2018-08-04,PWM,0.61
2018-08-05,SEA,0.0
2018-08-05,PWM,0.0
2018-08-06,SEA,0.0
2018-08-06,PWM,0.0
2018-08-07,SEA,0.0
2018-08-07,PWM,0.0
2018-08-08,SEA,0.0
2018-08-08,PWM,0.06
2018-08-09,SEA,0.0
2018-08-09,PWM,0.01
2018-08-10,SEA,0.0
2018-08-10,PWM,0.0
2018-08-11,SEA,0.0
2018-08-11,PWM,0.0
2018-08-12,SEA,0.01
2018-08-12,PWM,0.3
2018-08-13,SEA,0.0
2018-08-13,PWM,0.0
2018-08-14,SEA,0.0
2018-08-14,PWM,0.35
2018-08-15,SEA,0.0
2018-08-15,PWM,0.0
2018-08-16,SEA,0.0
2018-08-16,PWM,0.0
2018-08-17,SEA,0.0
2018-08-17,PWM,0.27
2018-08-18,SEA,0.0
2018-08-18,PWM,0.1
2018-08-19,SEA,0.0
2018-08-19,PWM,0.0
2018-08-20,SEA,0.0
2018-08-20,PWM,0.0
2018-08-21,SEA,0.0
2018-08-21,PWM,0.0
2018-08-22,SEA,0.0
2018-08-22,PWM,0.76
2018-08-23,SEA,0.0
2018-08-23,PWM,0.0
2018-08-24,SEA,0.0
2018-08-24,PWM,0.0
2018-08-25,SEA,0.0
2018-08-25,PWM,0.0
2018-08-26,SEA,0.01
2018-08-26,PWM,0.0
2018-08-27,SEA,0.27
2018-08-27,PWM,0.0
2018-08-28,SEA,0.0
2018-08-28,PWM,0.0
2018-08-29,SEA,0.0
2018-08-29,PWM,0.0
2018-08-30,SEA,0.0
2018-08-30,PWM,0.0
2018-08-31,SEA,0.25
2018-08-31,PWM,0.0
2018-09-01,SEA,0.0
2018-09-01,PWM,0.0
2018-09-02,SEA,0.0
2018-09-02,PWM,0.0
2018-09-03,SEA,0.0
2018-09-03,PWM,0.0
2018-09-04,SEA,0.0
2018-09-04,PWM,0.0
2018-09-05,SEA,0.0
2018-09-05,PWM,0.0
2018-09-06,SEA,0.0
2018-09-06,PWM,0.37
2018-09-07,SEA,0.0
2018-09-07,PWM,0.0
2018-09-08,SEA,0.14
2018-09-08,PWM,0.0
2018-09-09,SEA,0.0
2018-09-09,PWM,0.0
2018-09-10,SEA,0.17
2018-09-10,PWM,0.63
2018-09-11,SEA,0.01
2018-09-11,PWM,2.08
2018-09-12,SEA,0.0
2018-09-12,PWM,0.0
2018-09-13,SEA,0.0
2018-09-13,PWM,0.04
2018-09-14,SEA,0.1
2018-09-14,PWM,0.0
2018-09-15,SEA,0.08
2018-09-15,PWM,0.0
2018-09-16,SEA,0.28
2018-09-16,PWM,0.0
2018-09-17,SEA,0.05
2018-09-17,PWM,0.0
2018-09-18,SEA,0.0
2018-09-18,PWM,0.54
2018-09-19,SEA,0.0
2018-09-19,PWM,0.0
2018-09-20,SEA,0.03
2018-09-20,PWM,0.07
2018-09-21,SEA,0.0
2018-09-21,PWM,0.0
2018-09-22,SEA,0.006666666666666667
2018-09-22,PWM,0.01
2018-09-23,SEA,0.01
2018-09-23,PWM,0.0
2018-09-24,SEA,0.0
2018-09-24,PWM,0.0
2018-09-25,SEA,0.0
2018-09-25,PWM,1.75
2018-09-26,SEA,0.0
2018-09-26,PWM,0.24
2018-09-27,SEA,0.0
2018-09-27,PWM,0.03
2018-09-28,SEA,0.0
2018-09-28,PWM,0.02
2018-09-29,SEA,0.0
2018-09-29,PWM,0.0
2018-09-30,SEA,0.1
2018-09-30,PWM,0.0
2018-10-01,SEA,0.01
2018-10-01,PWM,0.17
2018-10-02,SEA,0.27
2018-10-02,PWM,0.96
2018-10-03,SEA,0.07
2018-10-03,PWM,0.34
2018-10-04,SEA,0.0
2018-10-04,PWM,0.0
2018-10-05,SEA,0.0
2018-10-05,PWM,0.0
2018-10-06,SEA,0.31
2018-10-06,PWM,0.0
2018-10-07,SEA,0.0
2018-10-07,PWM,0.0
2018-10-08,SEA,0.13
2018-10-08,PWM,0.0
2018-10-09,SEA,0.38
2018-10-09,PWM,0.0
2018-10-10,SEA,0.02
2018-10-10,PWM,0.0
2018-10-11,SEA,0.0
2018-10-11,PWM,0.62
2018-10-12,SEA,0.0
2018-10-12,PWM,0.0
2018-10-13,SEA,0.0
2018-10-13,PWM,0.11
2018-10-14,SEA,0.0
2018-10-14,PWM,0.0
2018-10-15,SEA,0.0
2018-10-15,PWM,0.24
2018-10-16,SEA,0.0
2018-10-16,PWM,0.01
2018-10-17,SEA,0.0
2018-10-17,PWM,0.01
2018-10-18,SEA,0.0
2018-10-18,PWM,0.0
2018-10-19,SEA,0.0
2018-10-19,PWM,0.0
2018-10-20,SEA,0.0
2018-10-20,PWM,0.0
2018-10-21,SEA,0.0
2018-10-21,PWM,0.0
2018-10-22,SEA,0.01
2018-10-22,PWM,0.0
2018-10-23,SEA,0.01
2018-10-23,PWM,0.29
2018-10-24,SEA,0.04
2018-10-24,PWM,0.1
2018-10-25,SEA,0.0
2018-10-25,PWM,0.0
2018-10-26,SEA,0.82
2018-10-26,PWM,0.0
2018-10-27,SEA,0.02
2018-10-27,PWM,1.29
2018-10-28,SEA,1.25
2018-10-28,PWM,0.08
2018-10-29,SEA,0.14
2018-10-29,PWM,0.71
2018-10-30,SEA,0.01
2018-10-30,PWM,0.0
2018-10-31,SEA,0.1
2018-10-31,PWM,0.01
2018-11-01,SEA,0.03
2018-11-01,PWM,0.03
2018-11-02,SEA,0.1
2018-11-02,PWM,0.76
2018-11-03,SEA,0.125
2018-11-03,PWM,1.53
2018-11-04,SEA,0.44
2018-11-04,PWM,0.0
2018-11-05,SEA,0.19749999999999998
2018-11-05,PWM,0.2
2018-11-06,SEA,0.2725
2018-11-06,PWM,0.78
2018-11-07,SEA,0.22
2018-11-07,PWM,0.0
2018-11-08,SEA,0.125
2018-11-08,PWM,0.0
2018-11-09,SEA,0.105
2018-11-09,PWM,0.64
2018-11-10,SEA,0.175
2018-11-10,PWM,0.55
2018-11-11,SEA,0.0425
2018-11-11,PWM,0.0
2018-11-12,SEA,0.0
2018-11-12,PWM,0.0
2018-11-13,SEA,0.0
2018-11-13,PWM,1.5
2018-11-14,SEA,0.12
2018-11-14,PWM,0.0
2018-11-15,SEA,0.08
2018-11-15,PWM,0.0
2018-11-16,SEA,0.04
2018-11-16,PWM,1.17
2018-11-17,SEA,0.0
2018-11-17,PWM,0.0
2018-11-18,SEA,0.0
2018-11-18,PWM,0.0
2018-11-19,SEA,0.0
2018-11-19,PWM,0.13
2018-11-20,SEA,0.0
2018-11-20,PWM,0.5
2018-11-21,SEA,0.0
2018-11-21,PWM,0.0
2018-11-22,SEA,0.29
2018-11-22,PWM,0.0
2018-11-23,SEA,0.78
2018-11-23,PWM,0.0
2018-11-24,SEA,0.08
2018-11-24,PWM,0.0
2018-11-25,SEA,0.0
2018-11-25,PWM,0.26
2018-11-26,SEA,0.32
2018-11-26,PWM,0.41
2018-11-27,SEA,1.56
2018-11-27,PWM,1.78
2018-11-28,SEA,0.45
2018-11-28,PWM,0.02
2018-11-29,SEA,0.15
2018-11-29,PWM,0.0
2018-11-30,SEA,0.01
2018-11-30,PWM,0.0
2018-12-01,SEA,0.18
2018-12-01,PWM,0.0
2018-12-02,SEA,0.29
2018-12-02,PWM,0.78
2018-12-03,SEA,0.02
2018-12-03,PWM,0.0
2018-12-04,SEA,0.0
2018-12-04,PWM,0.0
2018-12-05,SEA,0.0
2018-12-05,PWM,0.0
2018-12-06,SEA,0.0
2018-12-06,PWM,0.0
2018-12-07,SEA,0.0
2018-12-07,PWM,0.0
2018-12-08,SEA,0.01
2018-12-08,PWM,0.0
2018-12-09,SEA,0.0
2018-12-09,PWM,0.0
2018-12-10,SEA,0.56
2018-12-10,PWM,0.0
2018-12-11,SEA,0.14
2018-12-11,PWM,0.0
2018-12-12,SEA,0.37
2018-12-12,PWM,0.0
2018-12-13,SEA,0.15
2018-12-13,PWM,0.0
2018-12-14,SEA,0.18
2018-12-14,PWM,0.0
2018-12-15,SEA,0.05
2018-12-15,PWM,0.0
2018-12-16,SEA,0.38
2018-12-16,PWM,0.05
2018-12-17,SEA,0.3
2018-12-17,PWM,0.53
2018-12-18,SEA,0.83
2018-12-18,PWM,0.0
2018-12-19,SEA,0.27
2018-12-19,PWM,0.0
2018-12-20,SEA,0.18
2018-12-20,PWM,0.0
2018-12-21,SEA,0.16
2018-12-21,PWM,1.29
2018-12-22,SEA,0.01
2018-12-22,PWM,0.02
2018-12-23,SEA,0.83
2018-12-23,PWM,0.0
2018-12-24,SEA,0.05
2018-12-24,PWM,0.0
2018-12-25,SEA,0.02
2018-12-25,PWM,0.0
2018-12-26,SEA,0.03
2018-12-26,PWM,0.0
2018-12-27,SEA,0.12
2018-12-27,PWM,0.0
2018-12-28,SEA,0.07
2018-12-28,PWM,0.78
2018-12-29,SEA,0.32
2018-12-29,PWM,0.0
2018-12-30,SEA,0.44
2018-12-30,PWM,0.0
2018-12-31,SEA,0.01
2018-12-31,PWM,0.2
2019-01-01,SEA,0.0
2019-01-01,PWM,0.78
2019-01-02,SEA,0.0
2019-01-02,PWM,0.0
2019-01-03,SEA,0.42
2019-01-03,PWM,0.28
2019-01-04,SEA,0.55
2019-01-04,PWM,0.0
2019-01-05,SEA,0.24666666666666667
2019-01-05,PWM,0.1
2019-01-06,SEA,0.8133333333333334
2019-01-06,PWM,0.0
2019-01-07,SEA,0.6074999999999999
2019-01-07,PWM,0.0
2019-01-08,SEA,0.02
2019-01-08,PWM,0.47
2019-01-09,SEA,0.35
2019-01-09,PWM,0.49
2019-01-10,SEA,0.32
2019-01-10,PWM,0.0
2019-01-11,SEA,0.03
2019-01-11,PWM,0.0
2019-01-12,SEA,0.0
2019-01-12,PWM,0.0
2019-01-13,SEA,0.0
2019-01-13,PWM,0.0
2019-01-14,SEA,0.0
2019-01-14,PWM,0.0
2019-01-15,SEA,0.0
2019-01-15,PWM,0.0
2019-01-16,SEA,0.0
2019-01-16,PWM,0.0
2019-01-17,SEA,0.12
2019-01-17,PWM,0.0
2019-01-18,SEA,0.15
2019-01-18,PWM,0.0
2019-01-19,SEA,0.28
2019-01-19,PWM,0.04
2019-01-20,SEA,0.04
2019-01-20,PWM,1.2
2019-01-21,SEA,0.0
2019-01-21,PWM,0.0
2019-01-22,SEA,0.01
2019-01-22,PWM,0.0
2019-01-23,SEA,0.7
2019-01-23,PWM,0.01
2019-01-24,SEA,0.29333333333333333
2019-01-24,PWM,1.55
2019-01-25,SEA,0.18666666666666668
2019-01-25,PWM,0.0
2019-01-26,SEA,0.02
2019-01-26,PWM,0.0
2019-01-27,SEA,0.0
2019-01-27,PWM,0.0
2019-01-28,SEA,0.0
2019-01-28,PWM,0.0
2019-01-29,SEA,0.0
2019-01-29,PWM,0.09
2019-01-30,SEA,0.0
2019-01-30,PWM,0.52
2019-01-31,SEA,0.0
2019-01-31,PWM,0.0
2019-02-01,SEA,0.16
2019-02-01,PWM,0.0
2019-02-02,SEA,0.35
2019-02-02,PWM,0.0
2019-02-03,SEA,0.04
2019-02-03,PWM,0.0
2019-02-04,SEA,0.35
2019-02-04,PWM,0.0
2019-02-05,SEA,0.02
2019-02-05,PWM,0.0
2019-02-06,SEA,0.0
2019-02-06,PWM,0.17
2019-02-07,SEA,0.0
2019-02-07,PWM,0.07
2019-02-08,SEA,0.0
2019-02-08,PWM,0.19
2019-02-09,SEA,1.12
2019-02-09,PWM,0.0
2019-02-10,SEA,0.0
2019-02-10,PWM,0.0
2019-02-11,SEA,0.7
2019-02-11,PWM,0.0
2019-02-12,SEA,1.02
2019-02-12,PWM,0.64
2019-02-13,SEA,0.15
2019-02-13,PWM,1.15
2019-02-14,SEA,0.0
2019-02-14,PWM,0.0
2019-02-15,SEA,0.19
2019-02-15,PWM,0.26
2019-02-16,SEA,0.02
2019-02-16,PWM,0.0
2019-02-17,SEA,0.39
2019-02-17,PWM,0.0
2019-02-18,SEA,0.02
2019-02-18,PWM,0.09
2019-02-19,SEA,0.07
2019-02-19,PWM,0.0
2019-02-20,SEA,0.27
2019-02-20,PWM,0.0
2019-02-21,SEA,0.03
2019-02-21,PWM,0.26
2019-02-22,SEA,0.0
2019-02-22,PWM,0.0
2019-02-23,SEA,0.0
2019-02-23,PWM,0.0
2019-02-24,SEA,0.095
2019-02-24,PWM,1.05
2019-02-25,SEA,0.07
2019-02-25,PWM,0.0
2019-02-26,SEA,0.005
2019-02-26,PWM,0.0
2019-02-27,SEA,0.25333333333333335
2019-02-27,PWM,0.02
2019-02-28,SEA,0.6366666666666666
2019-02-28,PWM,0.05
2019-03-01,SEA,0.0
2019-03-01,PWM,0.0
2019-03-02,SEA,0.0
2019-03-02,PWM,0.03
2019-03-03,SEA,0.0
2019-03-03,PWM,0.08
2019-03-04,SEA,0.0
2019-03-04,PWM,0.61
2019-03-05,SEA,0.0
2019-03-05,PWM,0.0
2019-03-06,SEA,0.0
2019-03-06,PWM,0.0
2019-03-07,SEA,0.27
2019-03-07,PWM,0.0
2019-03-08,SEA,0.03
2019-03-08,PWM,0.0
2019-03-09,SEA,0.08
2019-03-09,PWM,0.0
2019-03-10,SEA,0.0
2019-03-10,PWM,0.64
2019-03-11,SEA,0.0
2019-03-11,PWM,0.0
2019-03-12,SEA,0.76
2019-03-12,PWM,0.0
2019-03-13,SEA,0.19
2019-03-13,PWM,0.04
2019-03-14,SEA,0.0
2019-03-14,PWM,0.05
2019-03-15,SEA,0.0
2019-03-15,PWM,0.14
2019-03-16,SEA,0.0
2019-03-16,PWM,0.0
2019-03-17,SEA,0.0
2019-03-17,PWM,0.0
2019-03-18,SEA,0.0
2019-03-18,PWM,0.0
2019-03-19,SEA,0.0
2019-03-19,PWM,0.0
2019-03-20,SEA,0.0
2019-03-20,PWM,0.0
2019-03-21,SEA,0.0
2019-03-21,PWM,0.0
2019-03-22,SEA,0.0
2019-03-22,PWM,0.77
2019-03-23,SEA,0.01
2019-03-23,PWM,0.04
2019-03-24,SEA,0.0
2019-03-24,PWM,0.0
2019-03-25,SEA,0.0
2019-03-25,PWM,0.0
2019-03-26,SEA,0.21
2019-03-26,PWM,0.0
2019-03-27,SEA,0.0
2019-03-27,PWM,0.0
2019-03-28,SEA,0.0
2019-03-28,PWM,0.0
2019-03-29,SEA,0.0
2019-03-29,PWM,0.04
2019-03-30,SEA,0.0
2019-03-30,PWM,0.0
2019-03-31,SEA,0.0
2019-03-31,PWM,0.25
2019-04-01,SEA,0.0
2019-04-01,PWM,0.0
2019-04-02,SEA,0.0
2019-04-02,PWM,0.0
2019-04-03,SEA,0.02
2019-04-03,PWM,0.12
2019-04-04,SEA,0.01
2019-04-04,PWM,0.0
2019-04-05,SEA,0.21
2019-04-05,PWM,0.09
2019-04-06,SEA,0.055
2019-04-06,PWM,0.07
2019-04-07,SEA,0.1075
2019-04-07,PWM,0.0
2019-04-08,SEA,0.18250000000000002
2019-04-08,PWM,0.7
2019-04-09,SEA,0.22
2019-04-09,PWM,0.17
2019-04-10,SEA,0.02
2019-04-10,PWM,0.0
2019-04-11,SEA,0.32
2019-04-11,PWM,0.0
2019-04-12,SEA,0.44
2019-04-12,PWM,0.0
2019-04-13,SEA,0.04
2019-04-13,PWM,0.16
2019-04-14,SEA,0.05
2019-04-14,PWM,0.26
2019-04-15,SEA,0.02
2019-04-15,PWM,0.7
2019-04-16,SEA,0.0
2019-04-16,PWM,0.0
2019-04-17,SEA,0.17
2019-04-17,PWM,0.0
2019-04-18,SEA,0.1
2019-04-18,PWM,0.03
2019-04-19,SEA,0.07
2019-04-19,PWM,0.0
2019-04-20,SEA,0.03
2019-04-20,PWM,0.12
2019-04-21,SEA,0.17
2019-04-21,PWM,0.04
2019-04-22,SEA,0.04
2019-04-22,PWM,0.36
2019-04-23,SEA,0.07
2019-04-23,PWM,0.05
2019-04-24,SEA,0.02
2019-04-24,PWM,0.2
2019-04-25,SEA,0.0
2019-04-25,PWM,0.0
2019-04-26,SEA,0.0
2019-04-26,PWM,0.85
2019-04-27,SEA,0.0
2019-04-27,PWM,1.22
2019-04-28,SEA,0.02
2019-04-28,PWM,0.0
2019-04-29,SEA,0.0
2019-04-29,PWM,0.0
2019-04-30,SEA,0.0
2019-04-30,PWM,0.05
2019-05-01,SEA,0.0
2019-05-01,PWM,0.17
2019-05-02,SEA,0.0
2019-05-02,PWM,0.38
2019-05-03,SEA,0.0
2019-05-03,PWM,0.17
2019-05-04,SEA,0.0
2019-05-04,PWM,0.0
2019-05-05,SEA,0.0
2019-05-05,PWM,0.0
2019-05-06,SEA,0.0
2019-05-06,PWM,0.0
2019-05-07,SEA,0.0
2019-05-07,PWM,0.05
2019-05-08,SEA,0.0
2019-05-08,PWM,0.0
2019-05-09,SEA,0.0
2019-05-09,PWM,0.0
2019-05-10,SEA,0.0
2019-05-10,PWM,0.3
2019-05-11,SEA,0.0
2019-05-11,PWM,0.0
2019-05-12,SEA,0.0
2019-05-12,PWM,0.0
2019-05-13,SEA,0.0
2019-05-13,PWM,0.16
2019-05-14,SEA,0.01
2019-05-14,PWM,0.61
2019-05-15,SEA,0.14
2019-05-15,PWM,0.01
2019-05-16,SEA,0.06
2019-05-16,PWM,0.0
2019-05-17,SEA,0.6
2019-05-17,PWM,0.21
2019-05-18,SEA,0.01
2019-05-18,PWM,0.0
2019-05-19,SEA,0.01
2019-05-19,PWM,0.05
2019-05-20,SEA,0.04
2019-05-20,PWM,0.14
2019-05-21,SEA,0.15
2019-05-21,PWM,0.0
2019-05-22,SEA,0.01
2019-05-22,PWM,0.0
2019-05-23,SEA,0.0
2019-05-23,PWM,0.32
2019-05-24,SEA,0.0
2019-05-24,PWM,0.0
2019-05-25,SEA,0.0
2019-05-25,PWM,0.0
2019-05-26,SEA,0.44
2019-05-26,PWM,0.53
2019-05-27,SEA,0.01
2019-05-27,PWM,0.0
2019-05-28,SEA,0.0
2019-05-28,PWM,0.92
2019-05-29,SEA,0.0
2019-05-29,PWM,0.08
2019-05-30,SEA,0.0
2019-05-30,PWM,0.0
2019-05-31,SEA,0.0
2019-05-31,PWM,0.0
2019-06-01,SEA,0.0
2019-06-01,PWM,0.0
2019-06-02,SEA,0.0
2019-06-02,PWM,0.25
2019-06-03,SEA,0.0
2019-06-03,PWM,0.01
2019-06-04,SEA,0.0
2019-06-04,PWM,0.0
2019-06-05,SEA,0.0
2019-06-05,PWM,0.41
2019-06-06,SEA,0.0
2019-06-06,PWM,0.45
2019-06-07,SEA,0.02
2019-06-07,PWM,0.0
2019-06-08,SEA,0.1
2019-06-08,PWM,0.0
2019-06-09,SEA,0.0
2019-06-09,PWM,0.0
2019-06-10,SEA,0.0
2019-06-10,PWM,0.0
2019-06-11,SEA,0.0
2019-06-11,PWM,0.97
2019-06-12,SEA,0.0
2019-06-12,PWM,0.0
2019-06-13,SEA,0.0
2019-06-13,PWM,0.74
2019-06-14,SEA,0.0
2019-06-14,PWM,0.03
2019-06-15,SEA,0.0
2019-06-15,PWM,0.0
2019-06-16,SEA,0.0
2019-06-16,PWM,0.19
2019-06-17,SEA,0.0
2019-06-17,PWM,0.01
2019-06-18,SEA,0.12
2019-06-18,PWM,0.0
2019-06-19,SEA,0.03
2019-06-19,PWM,0.0
2019-06-20,SEA,0.31
2019-06-20,PWM,1.09
2019-06-21,SEA,0.015
2019-06-21,PWM,0.19
2019-06-22,SEA,0.0075
2019-06-22,PWM,0.0
2019-06-23,SEA,0.08
2019-06-23,PWM,0.0
2019-06-24,SEA,0.02
2019-06-24,PWM,0.0
2019-06-25,SEA,0.02
2019-06-25,PWM,0.67
2019-06-26,SEA,0.0
2019-06-26,PWM,0.0
2019-06-27,SEA,0.0025
2019-06-27,PWM,0.02
2019-06-28,SEA,0.135
2019-06-28,PWM,0.0
2019-06-29,SEA,0.0025
2019-06-29,PWM,0.61
2019-06-30,SEA,0.01
2019-06-30,PWM,0.21
2019-07-01,SEA,0.022500000000000003
2019-07-01,PWM,0.0
2019-07-02,SEA,0.01
2019-07-02,PWM,0.0
2019-07-03,SEA,0.0075
2019-07-03,PWM,0.0
2019-07-04,SEA,0.03
2019-07-04,PWM,0.0
2019-07-05,SEA,0.0125
2019-07-05,PWM,0.0
2019-07-06,SEA,0.015
2019-07-06,PWM,0.57
2019-07-07,SEA,0.01
2019-07-07,PWM,0.0
2019-07-08,SEA,0.15
2019-07-08,PWM,0.0
2019-07-09,SEA,0.01
2019-07-09,PWM,0.0
2019-07-10,SEA,0.22
2019-07-10,PWM,0.0
2019-07-11,SEA,0.13
2019-07-11,PWM,0.19
2019-07-12,SEA,0.01
2019-07-12,PWM,0.95
2019-07-13,SEA,0.0
2019-07-13,PWM,0.0
2019-07-14,SEA,0.0
2019-07-14,PWM,0.01
2019-07-15,SEA,0.0
2019-07-15,PWM,0.0
2019-07-16,SEA,0.07
2019-07-16,PWM,0.0
2019-07-17,SEA,0.02
2019-07-17,PWM,0.01
2019-07-18,SEA,0.13
2019-07-18,PWM,0.0
2019-07-19,SEA,0.62
2019-07-19,PWM,0.0
2019-07-20,SEA,0.02
2019-07-20,PWM,0.0
2019-07-21,SEA,0.0
2019-07-21,PWM,0.0
2019-07-22,SEA,0.0
2019-07-22,PWM,0.58
2019-07-23,SEA,0.0
2019-07-23,PWM,0.22
2019-07-24,SEA,0.0
2019-07-24,PWM,0.0
2019-07-25,SEA,0.0
2019-07-25,PWM,0.0
2019-07-26,SEA,0.0
2019-07-26,PWM,0.0
2019-07-27,SEA,0.0
2019-07-27,PWM,0.0
2019-07-28,SEA,0.0
2019-07-28,PWM,0.0
2019-07-29,SEA,0.0
2019-07-29,PWM,0.0
2019-07-30,SEA,0.0
2019-07-30,PWM,0.0
2019-07-31,SEA,0.0
2019-07-31,PWM,0.0
2019-08-01,SEA,0.0
2019-08-01,PWM,0.0
2019-08-02,SEA,0.25
2019-08-02,PWM,0.0
2019-08-03,SEA,0.0
2019-08-03,PWM,0.0
2019-08-04,SEA,0.0
2019-08-04,PWM,0.0
2019-08-05,SEA,0.0
2019-08-05,PWM,0.0
2019-08-06,SEA,0.0
2019-08-06,PWM,0.0
2019-08-07,SEA,0.0
2019-08-07,PWM,0.4
2019-08-08,SEA,0.0
2019-08-08,PWM,0.32
2019-08-09,SEA,0.0
2019-08-09,PWM,0.0
2019-08-10,SEA,0.47
2019-08-10,PWM,0.0
2019-08-11,SEA,0.18
2019-08-11,PWM,0.0
2019-08-12,SEA,0.01
2019-08-12,PWM,0.0
2019-08-13,SEA,0.0
2019-08-13,PWM,0.24
2019-08-14,SEA,0.0
2019-08-14,PWM,0.0
2019-08-15,SEA,0.0
2019-08-15,PWM,0.0
2019-08-16,SEA,0.0
2019-08-16,PWM,0.01
2019-08-17,SEA,0.0
2019-08-17,PWM,0.02
2019-08-18,SEA,0.0
2019-08-18,PWM,0.05
2019-08-19,SEA,0.0033333333333333335
2019-08-19,PWM,0.12
2019-08-20,SEA,0.03
2019-08-20,PWM,0.0
2019-08-21,SEA,0.016666666666666666
2019-08-21,PWM,1.91
2019-08-22,SEA,0.13
2019-08-22,PWM,0.0
2019-08-23,SEA,0.0
2019-08-23,PWM,0.0
2019-08-24,SEA,0.0
2019-08-24,PWM,0.0
2019-08-25,SEA,0.0
2019-08-25,PWM,0.0
2019-08-26,SEA,0.0
2019-08-26,PWM,0.0
2019-08-27,SEA,0.0
2019-08-27,PWM,0.0
2019-08-28,SEA,0.0
2019-08-28,PWM,0.87
2019-08-29,SEA,0.0
2019-08-29,PWM,0.53
2019-08-30,SEA,0.22
2019-08-30,PWM,0.0
2019-08-31,SEA,0.01
2019-08-31,PWM,0.0
2019-09-01,SEA,0.0
2019-09-01,PWM,0.0
2019-09-02,SEA,0.0
2019-09-02,PWM,0.07
2019-09-03,SEA,0.0
2019-09-03,PWM,0.0
2019-09-04,SEA,0.0
2019-09-04,PWM,0.03
2019-09-05,SEA,0.0
2019-09-05,PWM,0.0
2019-09-06,SEA,0.0
2019-09-06,PWM,0.0
2019-09-07,SEA,0.0
2019-09-07,PWM,0.04
2019-09-08,SEA,0.61
2019-09-08,PWM,0.0
2019-09-09,SEA,0.1
2019-09-09,PWM,0.0
2019-09-10,SEA,0.55
2019-09-10,PWM,0.0
2019-09-11,SEA,0.02
2019-09-11,PWM,0.02
2019-09-12,SEA,0.0
2019-09-12,PWM,0.0
2019-09-13,SEA,0.21
2019-09-13,PWM,0.0
2019-09-14,SEA,0.01
2019-09-14,PWM,0.0
2019-09-15,SEA,0.35
2019-09-15,PWM,0.0
2019-09-16,SEA,0.19
2019-09-16,PWM,0.0
2019-09-17,SEA,0.04
2019-09-17,PWM,0.0
2019-09-18,SEA,0.32
2019-09-18,PWM,0.0
2019-09-19,SEA,0.0
2019-09-19,PWM,0.0
2019-09-20,SEA,0.02
2019-09-20,PWM,0.0
2019-09-21,SEA,0.0
2019-09-21,PWM,0.0
2019-09-22,SEA,0.02
2019-09-22,PWM,0.0
2019-09-23,SEA,0.32
2019-09-23,PWM,0.01
2019-09-24,SEA,0.16
2019-09-24,PWM,0.0
2019-09-25,SEA,0.0
2019-09-25,PWM,0.0
2019-09-26,SEA,0.04
2019-09-26,PWM,0.25
2019-09-27,SEA,0.31
2019-09-27,PWM,0.0
2019-09-28,SEA,0.23
2019-09-28,PWM,0.0
2019-09-29,SEA,0.25
2019-09-29,PWM,0.0
2019-09-30,SEA,0.03
2019-09-30,PWM,0.0
2019-10-01,SEA,0.0
2019-10-01,PWM,0.18
2019-10-02,SEA,0.0
2019-10-02,PWM,0.04
2019-10-03,SEA,0.02
2019-10-03,PWM,0.0
2019-10-04,SEA,0.08
2019-10-04,PWM,0.17
2019-10-05,SEA,0.01
2019-10-05,PWM,0.0
2019-10-06,SEA,0.0
2019-10-06,PWM,0.0
2019-10-07,SEA,0.0
2019-10-07,PWM,0.55
2019-10-08,SEA,0.0
2019-10-08,PWM,0.06
2019-10-09,SEA,0.2
2019-10-09,PWM,0.0
2019-10-10,SEA,0.0
2019-10-10,PWM,0.0
2019-10-11,SEA,0.0
2019-10-11,PWM,0.0
2019-10-12,SEA,0.0
2019-10-12,PWM,0.04
2019-10-13,SEA,0.0
2019-10-13,PWM,0.0
2019-10-14,SEA,0.0
2019-10-14,PWM,0.0
2019-10-15,SEA,0.0
2019-10-15,PWM,0.0
2019-10-16,SEA,0.13
2019-10-16,PWM,0.06
2019-10-17,SEA,0.26
2019-10-17,PWM,1.19
2019-10-18,SEA,0.11
2019-10-18,PWM,0.0
2019-10-19,SEA,0.96
2019-10-19,PWM,0.0
2019-10-20,SEA,0.18
2019-10-20,PWM,0.0
2019-10-21,SEA,0.27
2019-10-21,PWM,0.0
2019-10-22,SEA,0.22
2019-10-22,PWM,0.31
2019-10-23,SEA,0.06
2019-10-23,PWM,1.74
2019-10-24,SEA,0.02
2019-10-24,PWM,0.0
2019-10-25,SEA,0.0
2019-10-25,PWM,0.05
2019-10-26,SEA,0.31
2019-10-26,PWM,0.03
2019-10-27,SEA,0.03
2019-10-27,PWM,1.35
2019-10-28,SEA,0.0
2019-10-28,PWM,0.0
2019-10-29,SEA,0.0
2019-10-29,PWM,0.05
2019-10-30,SEA,0.0
2019-10-30,PWM,0.08
2019-10-31,SEA,0.0
2019-10-31,PWM,0.33
2019-11-01,SEA,0.0
2019-11-01,PWM,0.09
2019-11-02,SEA,0.0
2019-11-02,PWM,0.0
2019-11-03,SEA,0.0
2019-11-03,PWM,0.0
2019-11-04,SEA,0.0
2019-11-04,PWM,0.0
2019-11-05,SEA,0.0
2019-11-05,PWM,0.3
2019-11-06,SEA,0.0
2019-11-06,PWM,0.0
2019-11-07,SEA,0.0
2019-11-07,PWM,0.36
2019-11-08,SEA,0.0
2019-11-08,PWM,0.0
2019-11-09,SEA,0.1
2019-11-09,PWM,0.0
2019-11-10,SEA,0.21
2019-11-10,PWM,0.0
2019-11-11,SEA,0.0
2019-11-11,PWM,0.13
2019-11-12,SEA,0.25
2019-11-12,PWM,0.08
2019-11-13,SEA,0.04
2019-11-13,PWM,0.0
2019-11-14,SEA,0.0
2019-11-14,PWM,0.0
2019-11-15,SEA,0.19
2019-11-15,PWM,0.0
2019-11-16,SEA,0.02
2019-11-16,PWM,0.0
2019-11-17,SEA,0.11
2019-11-17,PWM,0.0
2019-11-18,SEA,0.22
2019-11-18,PWM,0.3
2019-11-19,SEA,0.73
2019-11-19,PWM,0.09
2019-11-20,SEA,0.03
2019-11-20,PWM,0.02
2019-11-21,SEA,0.0
2019-11-21,PWM,0.0
2019-11-22,SEA,0.0
2019-11-22,PWM,0.08
2019-11-23,SEA,0.6225
2019-11-23,PWM,0.0
2019-11-24,SEA,0.0425
2019-11-24,PWM,0.78
2019-11-25,SEA,0.15
2019-11-25,PWM,0.0
2019-11-26,SEA,0.40249999999999997
2019-11-26,PWM,0.0
2019-11-27,SEA,0.47250000000000003
2019-11-27,PWM,0.73
2019-11-28,SEA,0.2575
2019-11-28,PWM,0.0
2019-11-29,SEA,0.09000000000000001
2019-11-29,PWM,0.0
2019-11-30,SEA,0.44
2019-11-30,PWM,0.0
2019-12-01,SEA,0.0
2019-12-01,PWM,0.02
2019-12-02,SEA,0.03
2019-12-02,PWM,0.37
2019-12-03,SEA,0.0
2019-12-03,PWM,0.68
2019-12-04,SEA,0.02
2019-12-04,PWM,0.0
2019-12-05,SEA,0.03
2019-12-05,PWM,0.0
2019-12-06,SEA,0.0
2019-12-06,PWM,0.03
2019-12-07,SEA,0.3
2019-12-07,PWM,0.0
2019-12-08,SEA,0.17
2019-12-08,PWM,0.0
2019-12-09,SEA,0.02
2019-12-09,PWM,0.76
2019-12-10,SEA,0.0
2019-12-10,PWM,0.05
2019-12-11,SEA,0.17
2019-12-11,PWM,0.16
2019-12-12,SEA,0.43
2019-12-12,PWM,0.0
2019-12-13,SEA,0.09
2019-12-13,PWM,0.38
2019-12-14,SEA,0.03
2019-12-14,PWM,3.4
2019-12-15,SEA,0.36
2019-12-15,PWM,0.0
2019-12-16,SEA,0.08
2019-12-16,PWM,0.0
2019-12-17,SEA,0.02
2019-12-17,PWM,0.23
2019-12-18,SEA,0.0
2019-12-18,PWM,0.01
2019-12-19,SEA,0.35
2019-12-19,PWM,0.0
2019-12-20,SEA,1.9
2019-12-20,PWM,0.0
2019-12-21,SEA,2.6
2019-12-21,PWM,0.0
2019-12-22,SEA,0.33
2019-12-22,PWM,0.0
2019-12-23,SEA,0.4
2019-12-23,PWM,0.0
2019-12-24,SEA,0.05
2019-12-24,PWM,0.0
2019-12-25,SEA,0.02
2019-12-25,PWM,0.0
2019-12-26,SEA,0.0
2019-12-26,PWM,0.0
2019-12-27,SEA,0.03
2019-12-27,PWM,0.03
2019-12-28,SEA,0.0
2019-12-28,PWM,0.0
2019-12-29,SEA,0.02
2019-12-29,PWM,0.01
2019-12-30,SEA,0.07
2019-12-30,PWM,1.6
2019-12-31,SEA,0.03
2019-12-31,PWM,0.75
2020-01-01,SEA,0.15
2020-01-01,PWM,0.0
2020-01-02,SEA,0.33
2020-01-02,PWM,0.0
2020-01-03,SEA,0.19
2020-01-03,PWM,0.0
2020-01-04,SEA,0.37
2020-01-04,PWM,0.17
2020-01-05,SEA,0.24666666666666667
2020-01-05,PWM,0.11
2020-01-06,SEA,0.8133333333333334
2020-01-06,PWM,0.0
2020-01-07,SEA,0.48
2020-01-07,PWM,0.0
2020-01-08,SEA,0.05
2020-01-08,PWM,0.03
2020-01-09,SEA,0.04
2020-01-09,PWM,0.0
2020-01-10,SEA,0.15
2020-01-10,PWM,0.0
2020-01-11,SEA,0.43
2020-01-11,PWM,0.0
2020-01-12,SEA,0.12
2020-01-12,PWM,0.21
2020-01-13,SEA,0.11
2020-01-13,PWM,0.0
2020-01-14,SEA,0.19
2020-01-14,PWM,0.27
2020-01-15,SEA,0.01
2020-01-15,PWM,0.0
2020-01-16,SEA,0.07
2020-01-16,PWM,0.67
2020-01-17,SEA,0.01
2020-01-17,PWM,0.0
2020-01-18,SEA,0.45
2020-01-18,PWM,0.32
2020-01-19,SEA,0.04
2020-01-19,PWM,0.16
2020-01-20,SEA,0.08
2020-01-20,PWM,0.0
2020-01-21,SEA,0.22
2020-01-21,PWM,0.0
2020-01-22,SEA,0.76
2020-01-22,PWM,0.0
2020-01-23,SEA,0.45
2020-01-23,PWM,0.0
2020-01-24,SEA,0.8
2020-01-24,PWM,0.0
2020-01-25,SEA,0.4
2020-01-25,PWM,1.37
2020-01-26,SEA,0.26
2020-01-26,PWM,0.22
2020-01-27,SEA,0.17
2020-01-27,PWM,0.0
2020-01-28,SEA,0.98
2020-01-28,PWM,0.0
2020-01-29,SEA,0.05
2020-01-29,PWM,0.0
2020-01-30,SEA,0.2
2020-01-30,PWM,0.0
2020-01-31,SEA,0.22
2020-01-31,PWM,0.0
2020-02-01,SEA,1.44
2020-02-01,PWM,0.0
2020-02-02,SEA,0.01
2020-02-02,PWM,0.0
2020-02-03,SEA,0.03
2020-02-03,PWM,0.0
2020-02-04,SEA,0.01
2020-02-04,PWM,0.0
2020-02-05,SEA,0.69
2020-02-05,PWM,0.0
2020-02-06,SEA,1.34
2020-02-06,PWM,0.63
2020-02-07,SEA,0.58
2020-02-07,PWM,0.39
2020-02-08,SEA,0.2
2020-02-08,PWM,0.0
2020-02-09,SEA,0.03
2020-02-09,PWM,0.01
2020-02-10,SEA,0.0
2020-02-10,PWM,0.23
2020-02-11,SEA,0.0
2020-02-11,PWM,0.01
2020-02-12,SEA,0.03
2020-02-12,PWM,0.01
2020-02-13,SEA,0.0
2020-02-13,PWM,0.24
2020-02-14,SEA,0.1
2020-02-14,PWM,0.0
2020-02-15,SEA,0.07
2020-02-15,PWM,0.0
2020-02-16,SEA,0.056666666666666664
2020-02-16,PWM,0.0
2020-02-17,SEA,0.1366666666666667
2020-02-17,PWM,0.0
2020-02-18,SEA,0.006666666666666667
2020-02-18,PWM,0.57
2020-02-19,SEA,0.06
2020-02-19,PWM,0.0
2020-02-20,SEA,0.20500000000000002
2020-02-20,PWM,0.0
2020-02-21,SEA,0.11
2020-02-21,PWM,0.0
2020-02-22,SEA,0.03
2020-02-22,PWM,0.0
2020-02-23,SEA,0.0
2020-02-23,PWM,0.0
2020-02-24,SEA,0.095
2020-02-24,PWM,0.0
2020-02-25,SEA,0.07
2020-02-25,PWM,0.0
2020-02-26,SEA,0.005
2020-02-26,PWM,0.0
2020-02-27,SEA,0.01
2020-02-27,PWM,1.45
2020-02-28,SEA,0.0
2020-02-28,PWM,0.0
2020-02-29,SEA,0.12
2020-02-29,PWM,0.0
2020-03-01,SEA,0.01
2020-03-01,PWM,0.0
2020-03-02,SEA,0.02
2020-03-02,PWM,0.01
2020-03-03,SEA,0.12
2020-03-03,PWM,0.11
2020-03-04,SEA,0.01
2020-03-04,PWM,0.0
2020-03-05,SEA,0.0
2020-03-05,PWM,0.0
2020-03-06,SEA,0.71
2020-03-06,PWM,0.0
2020-03-07,SEA,0.12
2020-03-07,PWM,0.0
2020-03-08,SEA,0.23
2020-03-08,PWM,0.0
2020-03-09,SEA,0.02
2020-03-09,PWM,0.0
2020-03-10,SEA,0.0
2020-03-10,PWM,0.0
2020-03-11,SEA,0.07
2020-03-11,PWM,0.0
2020-03-12,SEA,0.02
2020-03-12,PWM,0.0
2020-03-13,SEA,0.1
2020-03-13,PWM,0.85
2020-03-14,SEA,0.29
2020-03-14,PWM,0.0
2020-03-15,SEA,0.0
2020-03-15,PWM,0.0
2020-03-16,SEA,0.0
2020-03-16,PWM,0.0
2020-03-17,SEA,0.0
2020-03-17,PWM,0.12
2020-03-18,SEA,0.0
2020-03-18,PWM,0.0
2020-03-19,SEA,0.0
2020-03-19,PWM,0.26
2020-03-20,SEA,0.0
2020-03-20,PWM,0.09
2020-03-21,SEA,0.0
2020-03-21,PWM,0.0
2020-03-22,SEA,0.0
2020-03-22,PWM,0.0
2020-03-23,SEA,0.0
2020-03-23,PWM,0.85
2020-03-24,SEA,0.0
2020-03-24,PWM,0.17
2020-03-25,SEA,0.34
2020-03-25,PWM,0.0
2020-03-26,SEA,0.03
2020-03-26,PWM,0.0
2020-03-27,SEA,0.02
2020-03-27,PWM,0.0
2020-03-28,SEA,0.03
2020-03-28,PWM,0.0
2020-03-29,SEA,0.64
2020-03-29,PWM,0.81
2020-03-30,SEA,0.35
2020-03-30,PWM,0.17
2020-03-31,SEA,0.49
2020-03-31,PWM,0.0
2020-04-01,SEA,0.1
2020-04-01,PWM,0.03
2020-04-02,SEA,0.01
2020-04-02,PWM,1.18
2020-04-03,SEA,0.0
2020-04-03,PWM,0.47
2020-04-04,SEA,0.02
2020-04-04,PWM,0.0
2020-04-05,SEA,0.0
2020-04-05,PWM,0.0
2020-04-06,SEA,0.0
2020-04-06,PWM,0.0
2020-04-07,SEA,0.0
2020-04-07,PWM,0.0
2020-04-08,SEA,0.0
2020-04-08,PWM,0.0
2020-04-09,SEA,0.0
2020-04-09,PWM,1.33
2020-04-10,SEA,0.0
2020-04-10,PWM,0.02
2020-04-11,SEA,0.0
2020-04-11,PWM,0.0
2020-04-12,SEA,0.0
2020-04-12,PWM,0.0
2020-04-13,SEA,0.0
2020-04-13,PWM,1.22
2020-04-14,SEA,0.0
2020-04-14,PWM,0.0
2020-04-15,SEA,0.0
2020-04-15,PWM,0.0
2020-04-16,SEA,0.0
2020-04-16,PWM,0.0
2020-04-17,SEA,0.0
2020-04-17,PWM,0.0
2020-04-18,SEA,0.02
2020-04-18,PWM,0.13
2020-04-19,SEA,0.05
2020-04-19,PWM,0.0
2020-04-20,SEA,0.0
2020-04-20,PWM,0.0
2020-04-21,SEA,0.0
2020-04-21,PWM,0.16
2020-04-22,SEA,0.03
2020-04-22,PWM,0.0
2020-04-23,SEA,0.82
2020-04-23,PWM,0.0
2020-04-24,SEA,0.11
2020-04-24,PWM,0.0
2020-04-25,SEA,0.12
2020-04-25,PWM,0.0
2020-04-26,SEA,0.2
2020-04-26,PWM,0.02
2020-04-27,SEA,0.19
2020-04-27,PWM,0.64
2020-04-28,SEA,0.01
2020-04-28,PWM,0.0
2020-04-29,SEA,0.01
2020-04-29,PWM,0.0
2020-04-30,SEA,0.04
2020-04-30,PWM,0.01
2020-05-01,SEA,0.01
2020-05-01,PWM,0.96
2020-05-02,SEA,0.06
2020-05-02,PWM,0.01
2020-05-03,SEA,0.19
2020-05-03,PWM,0.01
2020-05-04,SEA,0.0
2020-05-04,PWM,0.0
2020-05-05,SEA,0.0
2020-05-05,PWM,0.0
2020-05-06,SEA,0.01
2020-05-06,PWM,0.0
2020-05-07,SEA,0.02
2020-05-07,PWM,0.0
2020-05-08,SEA,0.0
2020-05-08,PWM,0.1
2020-05-09,SEA,0.0
2020-05-09,PWM,0.35
2020-05-10,SEA,0.0
2020-05-10,PWM,0.0
2020-05-11,SEA,0.0
2020-05-11,PWM,0.2
2020-05-12,SEA,0.06
2020-05-12,PWM,0.0
2020-05-13,SEA,0.03
2020-05-13,PWM,0.0
2020-05-14,SEA,0.06
2020-05-14,PWM,0.0
2020-05-15,SEA,0.13
2020-05-15,PWM,0.49
2020-05-16,SEA,0.02
2020-05-16,PWM,0.01
2020-05-17,SEA,0.66
2020-05-17,PWM,0.0
2020-05-18,SEA,0.02
2020-05-18,PWM,0.0
2020-05-19,SEA,0.0
2020-05-19,PWM,0.0
2020-05-20,SEA,0.0
2020-05-20,PWM,0.0
2020-05-21,SEA,0.32
2020-05-21,PWM,0.0
2020-05-22,SEA,0.17
2020-05-22,PWM,0.0
2020-05-23,SEA,0.45
2020-05-23,PWM,0.0
2020-05-24,SEA,0.0
2020-05-24,PWM,0.0
2020-05-25,SEA,0.06
2020-05-25,PWM,0.0
2020-05-26,SEA,0.1
2020-05-26,PWM,0.0
2020-05-27,SEA,0.02
2020-05-27,PWM,0.0
2020-05-28,SEA,0.0
2020-05-28,PWM,0.0
2020-05-29,SEA,0.0
2020-05-29,PWM,0.0
2020-05-30,SEA,0.0
2020-05-30,PWM,0.01
2020-05-31,SEA,1.29
2020-05-31,PWM,0.0
2020-06-01,SEA,0.04
2020-06-01,PWM,0.0
2020-06-02,SEA,0.0
2020-06-02,PWM,0.02
2020-06-03,SEA,0.02
2020-06-03,PWM,0.03
2020-06-04,SEA,0.0
2020-06-04,PWM,0.0
2020-06-05,SEA,0.0
2020-06-05,PWM,0.0
2020-06-06,SEA,0.0
2020-06-06,PWM,0.11
2020-06-07,SEA,0.04
2020-06-07,PWM,0.0
2020-06-08,SEA,0.05
2020-06-08,PWM,0.0
2020-06-09,SEA,0.1
2020-06-09,PWM,0.0
2020-06-10,SEA,0.21
2020-06-10,PWM,0.02
2020-06-11,SEA,0.03
2020-06-11,PWM,0.18
2020-06-12,SEA,0.17
2020-06-12,PWM,0.0
2020-06-13,SEA,0.25
2020-06-13,PWM,0.0
2020-06-14,SEA,0.04
2020-06-14,PWM,0.0
2020-06-15,SEA,0.08
2020-06-15,PWM,0.0
2020-06-16,SEA,0.09
2020-06-16,PWM,0.0
2020-06-17,SEA,0.01
2020-06-17,PWM,0.0
2020-06-18,SEA,0.0
2020-06-18,PWM,0.0
2020-06-19,SEA,0.0
2020-06-19,PWM,0.0
2020-06-20,SEA,0.01
2020-06-20,PWM,0.0
2020-06-21,SEA,0.06
2020-06-21,PWM,0.0
2020-06-22,SEA,0.0
2020-06-22,PWM,0.0
2020-06-23,SEA,0.0
2020-06-23,PWM,0.0
2020-06-24,SEA,0.0
2020-06-24,PWM,0.0
2020-06-25,SEA,0.0
2020-06-25,PWM,0.0
2020-06-26,SEA,0.0
2020-06-26,PWM,0.0
2020-06-27,SEA,0.01
2020-06-27,PWM,0.0
2020-06-28,SEA,0.54
2020-06-28,PWM,0.21
2020-06-29,SEA,0.01
2020-06-29,PWM,2.51
2020-06-30,SEA,0.04
2020-06-30,PWM,0.31
2020-07-01,SEA,0.07
2020-07-01,PWM,0.0
2020-07-02,SEA,0.03
2020-07-02,PWM,0.32
2020-07-03,SEA,0.01
2020-07-03,PWM,0.06
2020-07-04,SEA,0.0
2020-07-04,PWM,0.0
2020-07-05,SEA,0.0
2020-07-05,PWM,0.37
2020-07-06,SEA,0.0
2020-07-06,PWM,0.0
2020-07-07,SEA,0.0
2020-07-07,PWM,0.0
2020-07-08,SEA,0.0
2020-07-08,PWM,0.52
2020-07-09,SEA,0.01
2020-07-09,PWM,0.0
2020-07-10,SEA,0.01
2020-07-10,PWM,0.01
2020-07-11,SEA,0.01
2020-07-11,PWM,0.4
2020-07-12,SEA,0.03
2020-07-12,PWM,0.0
2020-07-13,SEA,0.05
2020-07-13,PWM,0.03
2020-07-14,SEA,0.0
2020-07-14,PWM,0.62
2020-07-15,SEA,0.0
2020-07-15,PWM,0.0
2020-07-16,SEA,0.0
2020-07-16,PWM,0.0
2020-07-17,SEA,0.04
2020-07-17,PWM,0.0
2020-07-18,SEA,0.02
2020-07-18,PWM,0.0
2020-07-19,SEA,0.0
2020-07-19,PWM,0.0
2020-07-20,SEA,0.0
2020-07-20,PWM,0.0
2020-07-21,SEA,0.0
2020-07-21,PWM,0.0
2020-07-22,SEA,0.03
2020-07-22,PWM,0.05
2020-07-23,SEA,0.0
2020-07-23,PWM,0.0
2020-07-24,SEA,0.0
2020-07-24,PWM,0.0
2020-07-25,SEA,0.0
2020-07-25,PWM,0.0
2020-07-26,SEA,0.0
2020-07-26,PWM,0.0
2020-07-27,SEA,0.0
2020-07-27,PWM,0.01
2020-07-28,SEA,0.0
2020-07-28,PWM,0.0
2020-07-29,SEA,0.0
2020-07-29,PWM,0.0
2020-07-30,SEA,0.0
2020-07-30,PWM,0.0
2020-07-31,SEA,0.0
2020-07-31,PWM,0.0
2020-08-01,SEA,0.0
2020-08-01,PWM,0.0
2020-08-02,SEA,0.0
2020-08-02,PWM,0.0
2020-08-03,SEA,0.0
2020-08-03,PWM,0.0
2020-08-04,SEA,0.0
2020-08-04,PWM,0.16
2020-08-05,SEA,0.0
2020-08-05,PWM,0.0
2020-08-06,SEA,0.05
2020-08-06,PWM,0.0
2020-08-07,SEA,0.28
2020-08-07,PWM,0.0
2020-08-08,SEA,0.02
2020-08-08,PWM,0.0
2020-08-09,SEA,0.03
2020-08-09,PWM,0.0
2020-08-10,SEA,0.0
2020-08-10,PWM,0.01
2020-08-11,SEA,0.0
2020-08-11,PWM,0.0
2020-08-12,SEA,0.0
2020-08-12,PWM,0.0
2020-08-13,SEA,0.0
2020-08-13,PWM,0.0
2020-08-14,SEA,0.0
2020-08-14,PWM,0.0
2020-08-15,SEA,0.0
2020-08-15,PWM,0.0
2020-08-16,SEA,0.0
2020-08-16,PWM,0.01
2020-08-17,SEA,0.0
2020-08-17,PWM,0.0
2020-08-18,SEA,0.0
2020-08-18,PWM,0.35
2020-08-19,SEA,0.0
2020-08-19,PWM,0.0
2020-08-20,SEA,0.04
2020-08-20,PWM,0.0
2020-08-21,SEA,0.05
2020-08-21,PWM,0.17
2020-08-22,SEA,0.03
2020-08-22,PWM,0.07
2020-08-23,SEA,0.0
2020-08-23,PWM,0.02
2020-08-24,SEA,0.0
2020-08-24,PWM,0.0
2020-08-25,SEA,0.0
2020-08-25,PWM,0.11
2020-08-26,SEA,0.0
2020-08-26,PWM,0.0
2020-08-27,SEA,0.0
2020-08-27,PWM,0.0
2020-08-28,SEA,0.0
2020-08-28,PWM,0.0
2020-08-29,SEA,0.0
2020-08-29,PWM,1.28
2020-08-30,SEA,0.0
2020-08-30,PWM,0.0
2020-08-31,SEA,0.02
2020-08-31,PWM,0.0
2020-09-01,SEA,0.0
2020-09-01,PWM,0.0
2020-09-02,SEA,0.0
2020-09-02,PWM,0.11
2020-09-03,SEA,0.0
2020-09-03,PWM,0.0
2020-09-04,SEA,0.0
2020-09-04,PWM,0.0
2020-09-05,SEA,0.0
2020-09-05,PWM,0.0
2020-09-06,SEA,0.0
2020-09-06,PWM,0.0
2020-09-07,SEA,0.0
2020-09-07,PWM,0.0
2020-09-08,SEA,0.0
2020-09-08,PWM,0.0
2020-09-09,SEA,0.0
2020-09-09,PWM,0.0
2020-09-10,SEA,0.0
2020-09-10,PWM,0.08
2020-09-11,SEA,0.0
2020-09-11,PWM,0.0
2020-09-12,SEA,0.0
2020-09-12,PWM,0.0
2020-09-13,SEA,0.0
2020-09-13,PWM,0.0
2020-09-14,SEA,0.0
2020-09-14,PWM,0.0
2020-09-15,SEA,0.1
2020-09-15,PWM,0.0
2020-09-16,SEA,0.02
2020-09-16,PWM,0.0
2020-09-17,SEA,0.0
2020-09-17,PWM,0.0
2020-09-18,SEA,0.0
2020-09-18,PWM,0.0
2020-09-19,SEA,0.075
2020-09-19,PWM,0.0
2020-09-20,SEA,0.045
2020-09-20,PWM,0.0
2020-09-21,SEA,0.0
2020-09-21,PWM,0.0
2020-09-22,SEA,0.006666666666666667
2020-09-22,PWM,0.0
2020-09-23,SEA,0.0825
2020-09-23,PWM,0.0
2020-09-24,SEA,0.04
2020-09-24,PWM,0.0
2020-09-25,SEA,0.0
2020-09-25,PWM,0.0
2020-09-26,SEA,0.01
2020-09-26,PWM,0.0
2020-09-27,SEA,0.255
2020-09-27,PWM,0.0
2020-09-28,SEA,0.14250000000000002
2020-09-28,PWM,0.05
2020-09-29,SEA,0.0
2020-09-29,PWM,0.01
2020-09-30,SEA,0.0
2020-09-30,PWM,0.43
2020-10-01,SEA,0.0
2020-10-01,PWM,0.0
2020-10-02,SEA,0.0
2020-10-02,PWM,0.05
2020-10-03,SEA,0.01
2020-10-03,PWM,0.0
2020-10-04,SEA,0.06
2020-10-04,PWM,0.0
2020-10-05,SEA,0.02
2020-10-05,PWM,0.0
2020-10-06,SEA,0.0
2020-10-06,PWM,0.0
2020-10-07,SEA,0.0
2020-10-07,PWM,0.13
2020-10-08,SEA,0.02
2020-10-08,PWM,0.0
2020-10-09,SEA,0.0
2020-10-09,PWM,0.0
2020-10-10,SEA,0.99
2020-10-10,PWM,0.0
2020-10-11,SEA,0.03
2020-10-11,PWM,0.0
2020-10-12,SEA,0.58
2020-10-12,PWM,0.0
2020-10-13,SEA,0.61
2020-10-13,PWM,1.96
2020-10-14,SEA,0.02
2020-10-14,PWM,0.0
2020-10-15,SEA,0.0
2020-10-15,PWM,0.0
2020-10-16,SEA,0.0
2020-10-16,PWM,0.28
2020-10-17,SEA,0.24
2020-10-17,PWM,1.08
2020-10-18,SEA,0.02
2020-10-18,PWM,0.0
2020-10-19,SEA,0.14
2020-10-19,PWM,0.0
2020-10-20,SEA,0.23
2020-10-20,PWM,0.01
2020-10-21,SEA,0.12
2020-10-21,PWM,0.0
2020-10-22,SEA,0.43
2020-10-22,PWM,0.0
2020-10-23,SEA,0.05
2020-10-23,PWM,0.0
2020-10-24,SEA,0.12
2020-10-24,PWM,0.0
2020-10-25,SEA,0.02
2020-10-25,PWM,0.0
2020-10-26,SEA,0.01
2020-10-26,PWM,0.16
2020-10-27,SEA,0.0
2020-10-27,PWM,0.0
2020-10-28,SEA,0.0
2020-10-28,PWM,0.09
2020-10-29,SEA,0.03
2020-10-29,PWM,0.32
2020-10-30,SEA,0.03
2020-10-30,PWM,0.0
2020-10-31,SEA,0.0
2020-10-31,PWM,0.0
2020-11-01,SEA,0.0
2020-11-01,PWM,0.59
2020-11-02,SEA,0.0
2020-11-02,PWM,0.1
2020-11-03,SEA,0.09
2020-11-03,PWM,0.0
2020-11-04,SEA,0.78
2020-11-04,PWM,0.0
2020-11-05,SEA,0.2
2020-11-05,PWM,0.0
2020-11-06,SEA,0.15
2020-11-06,PWM,0.0
2020-11-07,SEA,0.03
2020-11-07,PWM,0.0
2020-11-08,SEA,0.02
2020-11-08,PWM,0.0
2020-11-09,SEA,0.0
2020-11-09,PWM,0.0
2020-11-10,SEA,0.11
2020-11-10,PWM,0.0
2020-11-11,SEA,0.03
2020-11-11,PWM,0.0
2020-11-12,SEA,0.0
2020-11-12,PWM,0.02
2020-11-13,SEA,0.96
2020-11-13,PWM,0.06
2020-11-14,SEA,0.02
2020-11-14,PWM,0.0
2020-11-15,SEA,0.46
2020-11-15,PWM,0.26
2020-11-16,SEA,0.06
2020-11-16,PWM,0.27
2020-11-17,SEA,0.64
2020-11-17,PWM,0.0
2020-11-18,SEA,0.55
2020-11-18,PWM,0.0
2020-11-19,SEA,0.29
2020-11-19,PWM,0.0
2020-11-20,SEA,0.06
2020-11-20,PWM,0.0
2020-11-21,SEA,0.03
2020-11-21,PWM,0.0
2020-11-22,SEA,0.0
2020-11-22,PWM,0.01
2020-11-23,SEA,0.2
2020-11-23,PWM,2.32
2020-11-24,SEA,0.07
2020-11-24,PWM,0.0
2020-11-25,SEA,0.16
2020-11-25,PWM,0.01
2020-11-26,SEA,0.04
2020-11-26,PWM,0.58
2020-11-27,SEA,0.03
2020-11-27,PWM,0.0
2020-11-28,SEA,0.09
2020-11-28,PWM,0.0
2020-11-29,SEA,0.05
2020-11-29,PWM,0.0
2020-11-30,SEA,0.45
2020-11-30,PWM,1.46
2020-12-01,SEA,0.0
2020-12-01,PWM,0.24
2020-12-02,SEA,0.0
2020-12-02,PWM,0.0
2020-12-03,SEA,0.0
2020-12-03,PWM,0.0
2020-12-04,SEA,0.0
2020-12-04,PWM,0.0
2020-12-05,SEA,0.0
2020-12-05,PWM,1.99
2020-12-06,SEA,0.01
2020-12-06,PWM,0.03
2020-12-07,SEA,0.0
2020-12-07,PWM,0.0
2020-12-08,SEA,0.07
2020-12-08,PWM,0.0
2020-12-09,SEA,0.58
2020-12-09,PWM,0.0
2020-12-10,SEA,0.0
2020-12-10,PWM,0.0
2020-12-11,SEA,0.03
2020-12-11,PWM,0.0
2020-12-12,SEA,0.0
2020-12-12,PWM,0.37
2020-12-13,SEA,0.07
2020-12-13,PWM,0.01
2020-12-14,SEA,0.19
2020-12-14,PWM,0.0
2020-12-15,SEA,0.24
2020-12-15,PWM,0.0
2020-12-16,SEA,0.06
2020-12-16,PWM,0.0
2020-12-17,SEA,0.52
2020-12-17,PWM,1.4
2020-12-18,SEA,0.11
2020-12-18,PWM,0.0
2020-12-19,SEA,0.08
2020-12-19,PWM,0.0
2020-12-20,SEA,0.37
2020-12-20,PWM,0.08
2020-12-21,SEA,0.64
2020-12-21,PWM,0.0
2020-12-22,SEA,2.42
2020-12-22,PWM,0.0
2020-12-23,SEA,0.0
2020-12-23,PWM,0.0
2020-12-24,SEA,0.0
2020-12-24,PWM,0.03
2020-12-25,SEA,0.03
2020-12-25,PWM,1.05
2020-12-26,SEA,0.48
2020-12-26,PWM,0.0
2020-12-27,SEA,0.11
2020-12-27,PWM,0.0
2020-12-28,SEA,0.14
2020-12-28,PWM,0.01
2020-12-29,SEA,0.03
2020-12-29,PWM,0.0
2020-12-30,SEA,0.48
2020-12-30,PWM,0.0
2020-12-31,SEA,0.5
2020-12-31,PWM,0.01
2021-01-01,SEA,0.11
2021-01-01,PWM,0.02
2021-01-02,SEA,0.42
2021-01-02,PWM,0.61
2021-01-03,SEA,1.6
2021-01-03,PWM,0.0
2021-01-04,SEA,0.65
2021-01-04,PWM,0.0
2021-01-05,SEA,0.36
2021-01-05,PWM,0.03
2021-01-06,SEA,1.05
2021-01-06,PWM,0.0
2021-01-07,SEA,0.0
2021-01-07,PWM,0.0
2021-01-08,SEA,0.1
2021-01-08,PWM,0.0
2021-01-09,SEA,0.2
2021-01-09,PWM,0.0
2021-01-10,SEA,0.1
2021-01-10,PWM,0.0
2021-01-11,SEA,0.03
2021-01-11,PWM,0.0
2021-01-12,SEA,1.72
2021-01-12,PWM,0.0
2021-01-13,SEA,0.98
2021-01-13,PWM,0.0
2021-01-14,SEA,0.0
2021-01-14,PWM,0.0
2021-01-15,SEA,0.19
2021-01-15,PWM,0.02
2021-01-16,SEA,0.02
2021-01-16,PWM,1.41
2021-01-17,SEA,0.05
2021-01-17,PWM,0.0
2021-01-18,SEA,0.0
2021-01-18,PWM,0.0
2021-01-19,SEA,0.0
2021-01-19,PWM,0.0
2021-01-20,SEA,0.0
2021-01-20,PWM,0.0
2021-01-21,SEA,0.05
2021-01-21,PWM,0.0
2021-01-22,SEA,0.02
2021-01-22,PWM,0.03
2021-01-23,SEA,0.0
2021-01-23,PWM,0.0
2021-01-24,SEA,0.08
2021-01-24,PWM,0.0
2021-01-25,SEA,0.16
2021-01-25,PWM,0.0
2021-01-26,SEA,0.0
2021-01-26,PWM,0.03
2021-01-27,SEA,0.09
2021-01-27,PWM,0.11
2021-01-28,SEA,0.21
2021-01-28,PWM,0.01
2021-01-29,SEA,0.17
2021-01-29,PWM,0.0
2021-01-30,SEA,0.12
2021-01-30,PWM,0.0
2021-01-31,SEA,0.21
2021-01-31,PWM,0.0
2021-02-01,SEA,0.47
2021-02-01,PWM,0.06
2021-02-02,SEA,0.72
2021-02-02,PWM,0.62
2021-02-03,SEA,0.42
2021-02-03,PWM,0.0
2021-02-04,SEA,0.03
2021-02-04,PWM,0.0
2021-02-05,SEA,0.11
2021-02-05,PWM,0.08
2021-02-06,SEA,0.05
2021-02-06,PWM,0.0
2021-02-07,SEA,0.07
2021-02-07,PWM,0.23
2021-02-08,SEA,0.18
2021-02-08,PWM,0.0
2021-02-09,SEA,0.02
2021-02-09,PWM,0.11
2021-02-10,SEA,0.0
2021-02-10,PWM,0.0
2021-02-11,SEA,0.0
2021-02-11,PWM,0.0
2021-02-12,SEA,0.05
2021-02-12,PWM,0.0
2021-02-13,SEA,0.93
2021-02-13,PWM,0.0
2021-02-14,SEA,0.41
2021-02-14,PWM,0.0
2021-02-15,SEA,0.6
2021-02-15,PWM,0.01
2021-02-16,SEA,0.13
2021-02-16,PWM,0.59
2021-02-17,SEA,0.02
2021-02-17,PWM,0.0
2021-02-18,SEA,0.0
2021-02-18,PWM,0.0
2021-02-19,SEA,0.08
2021-02-19,PWM,0.06
2021-02-20,SEA,0.20500000000000002
2021-02-20,PWM,0.0
2021-02-21,SEA,0.11
2021-02-21,PWM,0.0
2021-02-22,SEA,0.03
2021-02-22,PWM,0.5
2021-02-23,SEA,0.0
2021-02-23,PWM,0.0
2021-02-24,SEA,0.19
2021-02-24,PWM,0.0
2021-02-25,SEA,0.14
2021-02-25,PWM,0.0
2021-02-26,SEA,0.01
2021-02-26,PWM,0.0
2021-02-27,SEA,0.14
2021-02-27,PWM,0.64
2021-02-28,SEA,0.02
2021-02-28,PWM,0.0
2021-03-01,SEA,0.0
2021-03-01,PWM,0.48
2021-03-02,SEA,0.01
2021-03-02,PWM,0.0
2021-03-03,SEA,0.14666666666666667
2021-03-03,PWM,0.0
2021-03-04,SEA,0.016666666666666666
2021-03-04,PWM,0.0
2021-03-05,SEA,0.4
2021-03-05,PWM,0.0
2021-03-06,SEA,0.23666666666666666
2021-03-06,PWM,0.0
2021-03-07,SEA,0.13
2021-03-07,PWM,0.0
2021-03-08,SEA,0.12333333333333334
2021-03-08,PWM,0.0
2021-03-09,SEA,0.0
2021-03-09,PWM,0.0
2021-03-10,SEA,0.0
2021-03-10,PWM,0.0
2021-03-11,SEA,0.0
2021-03-11,PWM,0.0
2021-03-12,SEA,0.0
2021-03-12,PWM,0.0
2021-03-13,SEA,0.0
2021-03-13,PWM,0.0
2021-03-14,SEA,0.0
2021-03-14,PWM,0.0
2021-03-15,SEA,0.32
2021-03-15,PWM,0.0
2021-03-16,SEA,0.0
2021-03-16,PWM,0.0
2021-03-17,SEA,0.0
2021-03-17,PWM,0.0
2021-03-18,SEA,0.0
2021-03-18,PWM,0.25
2021-03-19,SEA,0.21
2021-03-19,PWM,0.0
2021-03-20,SEA,0.0
2021-03-20,PWM,0.0
2021-03-21,SEA,0.0
2021-03-21,PWM,0.0
2021-03-22,SEA,0.32
2021-03-22,PWM,0.0
2021-03-23,SEA,0.06
2021-03-23,PWM,0.0
2021-03-24,SEA,0.21
2021-03-24,PWM,0.0
2021-03-25,SEA,0.11333333333333334
2021-03-25,PWM,0.02
2021-03-26,SEA,0.08
2021-03-26,PWM,0.48
2021-03-27,SEA,0.006666666666666667
2021-03-27,PWM,0.0
2021-03-28,SEA,0.025
2021-03-28,PWM,1.44
2021-03-29,SEA,0.34
2021-03-29,PWM,0.05
2021-03-30,SEA,0.01
2021-03-30,PWM,0.0
2021-03-31,SEA,0.185
2021-03-31,PWM,0.06
2021-04-01,SEA,0.0275
2021-04-01,PWM,0.77
2021-04-02,SEA,0.0675
2021-04-02,PWM,0.0
2021-04-03,SEA,0.01
2021-04-03,PWM,0.0
2021-04-04,SEA,0.2475
2021-04-04,PWM,0.0
2021-04-05,SEA,0.1325
2021-04-05,PWM,0.01
2021-04-06,SEA,0.0
2021-04-06,PWM,0.0
2021-04-07,SEA,0.0
2021-04-07,PWM,0.0
2021-04-08,SEA,0.13
2021-04-08,PWM,0.0
2021-04-09,SEA,0.0
2021-04-09,PWM,0.0
2021-04-10,SEA,0.02
2021-04-10,PWM,0.0
2021-04-11,SEA,0.0
2021-04-11,PWM,0.0
2021-04-12,SEA,0.0
2021-04-12,PWM,0.0
2021-04-13,SEA,0.0
2021-04-13,PWM,0.0
2021-04-14,SEA,0.0
2021-04-14,PWM,0.0
2021-04-15,SEA,0.0
2021-04-15,PWM,0.0
2021-04-16,SEA,0.0
2021-04-16,PWM,1.2
2021-04-17,SEA,0.0
2021-04-17,PWM,0.04
2021-04-18,SEA,0.0
2021-04-18,PWM,0.0
2021-04-19,SEA,0.0
2021-04-19,PWM,0.0
2021-04-20,SEA,0.0
2021-04-20,PWM,0.0
2021-04-21,SEA,0.0
2021-04-21,PWM,0.16
2021-04-22,SEA,0.0
2021-04-22,PWM,0.0
2021-04-23,SEA,0.0
2021-04-23,PWM,0.0
2021-04-24,SEA,0.08
2021-04-24,PWM,0.0
2021-04-25,SEA,0.5
2021-04-25,PWM,0.01
2021-04-26,SEA,0.15
2021-04-26,PWM,0.0
2021-04-27,SEA,0.01
2021-04-27,PWM,0.0
2021-04-28,SEA,0.0
2021-04-28,PWM,0.15
2021-04-29,SEA,0.0
2021-04-29,PWM,0.47
2021-04-30,SEA,0.1
2021-04-30,PWM,0.64
2021-05-01,SEA,0.03
2021-05-01,PWM,0.02
2021-05-02,SEA,0.01
2021-05-02,PWM,0.0
2021-05-03,SEA,0.0
2021-05-03,PWM,0.0
2021-05-04,SEA,0.29
2021-05-04,PWM,0.02
2021-05-05,SEA,0.0
2021-05-05,PWM,0.5
2021-05-06,SEA,0.0
2021-05-06,PWM,0.0
2021-05-07,SEA,0.0
2021-05-07,PWM,0.0
2021-05-08,SEA,0.17
2021-05-08,PWM,0.0
2021-05-09,SEA,0.01
2021-05-09,PWM,0.0
2021-05-10,SEA,0.0
2021-05-10,PWM,0.04
2021-05-11,SEA,0.0
2021-05-11,PWM,0.01
2021-05-12,SEA,0.0
2021-05-12,PWM,0.0
2021-05-13,SEA,0.0
2021-05-13,PWM,0.0
2021-05-14,SEA,0.0
2021-05-14,PWM,0.0
2021-05-15,SEA,0.0
2021-05-15,PWM,0.0
2021-05-16,SEA,0.0
2021-05-16,PWM,0.0
2021-05-17,SEA,0.0
2021-05-17,PWM,0.0
2021-05-18,SEA,0.05
2021-05-18,PWM,0.0
2021-05-19,SEA,0.12
2021-05-19,PWM,0.0
2021-05-20,SEA,0.01
2021-05-20,PWM,0.0
2021-05-21,SEA,0.0
2021-05-21,PWM,0.01
2021-05-22,SEA,0.0
2021-05-22,PWM,0.0
2021-05-23,SEA,0.0
2021-05-23,PWM,0.0
2021-05-24,SEA,0.07
2021-05-24,PWM,0.0
2021-05-25,SEA,0.04
2021-05-25,PWM,0.0
2021-05-26,SEA,0.01
2021-05-26,PWM,0.15
2021-05-27,SEA,0.17
2021-05-27,PWM,0.0
2021-05-28,SEA,0.19
2021-05-28,PWM,0.03
2021-05-29,SEA,0.0
2021-05-29,PWM,0.57
2021-05-30,SEA,0.0
2021-05-30,PWM,0.76
2021-05-31,SEA,0.0
2021-05-31,PWM,0.16
2021-06-01,SEA,0.0
2021-06-01,PWM,0.0
2021-06-02,SEA,0.0
2021-06-02,PWM,0.0
2021-06-03,SEA,0.0
2021-06-03,PWM,0.03
2021-06-04,SEA,0.0
2021-06-04,PWM,0.05
2021-06-05,SEA,0.05
2021-06-05,PWM,0.0
2021-06-06,SEA,0.0
2021-06-06,PWM,0.0
2021-06-07,SEA,0.73
2021-06-07,PWM,0.0
2021-06-08,SEA,0.0
2021-06-08,PWM,0.02
2021-06-09,SEA,0.0
2021-06-09,PWM,0.01
2021-06-10,SEA,0.0
2021-06-10,PWM,0.0
2021-06-11,SEA,0.0
2021-06-11,PWM,0.0
2021-06-12,SEA,0.34
2021-06-12,PWM,0.0
2021-06-13,SEA,0.34
2021-06-13,PWM,0.0
2021-06-14,SEA,0.6
2021-06-14,PWM,0.32
2021-06-15,SEA,0.07
2021-06-15,PWM,0.05
2021-06-16,SEA,0.0
2021-06-16,PWM,0.0
2021-06-17,SEA,0.0
2021-06-17,PWM,0.0
2021-06-18,SEA,0.0
2021-06-18,PWM,0.0
2021-06-19,SEA,0.0
2021-06-19,PWM,0.12
2021-06-20,SEA,0.0
2021-06-20,PWM,0.0
2021-06-21,SEA,0.0
2021-06-21,PWM,0.0
2021-06-22,SEA,0.0
2021-06-22,PWM,0.16
2021-06-23,SEA,0.0
2021-06-23,PWM,0.0
2021-06-24,SEA,0.0
2021-06-24,PWM,0.0
2021-06-25,SEA,0.0
2021-06-25,PWM,0.0
2021-06-26,SEA,0.0
2021-06-26,PWM,0.0
2021-06-27,SEA,0.0
2021-06-27,PWM,0.0
2021-06-28,SEA,0.0
2021-06-28,PWM,0.0
2021-06-29,SEA,0.0
2021-06-29,PWM,0.0
2021-06-30,SEA,0.0
2021-06-30,PWM,0.19
2021-07-01,SEA,0.0
2021-07-01,PWM,0.27
2021-07-02,SEA,0.0
2021-07-02,PWM,0.64
2021-07-03,SEA,0.0
2021-07-03,PWM,0.54
2021-07-04,SEA,0.0
2021-07-04,PWM,0.54
2021-07-05,SEA,0.0
2021-07-05,PWM,0.0
2021-07-06,SEA,0.0
2021-07-06,PWM,0.02
2021-07-07,SEA,0.0
2021-07-07,PWM,0.0
2021-07-08,SEA,0.0
2021-07-08,PWM,0.27
2021-07-09,SEA,0.0
2021-07-09,PWM,2.33
2021-07-10,SEA,0.0
2021-07-10,PWM,0.0
2021-07-11,SEA,0.0
2021-07-11,PWM,0.0
2021-07-12,SEA,0.0
2021-07-12,PWM,0.1
2021-07-13,SEA,0.0
2021-07-13,PWM,0.07
2021-07-14,SEA,0.0
2021-07-14,PWM,0.02
2021-07-15,SEA,0.0
2021-07-15,PWM,0.0
2021-07-16,SEA,0.0
2021-07-16,PWM,0.0
2021-07-17,SEA,0.0
2021-07-17,PWM,0.0
2021-07-18,SEA,0.0
2021-07-18,PWM,1.17
2021-07-19,SEA,0.0
2021-07-19,PWM,0.0
2021-07-20,SEA,0.02
2021-07-20,PWM,0.88
2021-07-21,SEA,0.0
2021-07-21,PWM,0.4
2021-07-22,SEA,0.0
2021-07-22,PWM,0.0
2021-07-23,SEA,0.0
2021-07-23,PWM,0.16
2021-07-24,SEA,0.0
2021-07-24,PWM,0.0
2021-07-25,SEA,0.0
2021-07-25,PWM,0.2
2021-07-26,SEA,0.0
2021-07-26,PWM,0.0
2021-07-27,SEA,0.0
2021-07-27,PWM,0.18
2021-07-28,SEA,0.0
2021-07-28,PWM,0.01
2021-07-29,SEA,0.0
2021-07-29,PWM,1.52
2021-07-30,SEA,0.0
2021-07-30,PWM,0.12
2021-07-31,SEA,0.0
2021-07-31,PWM,0.0
2021-08-01,SEA,0.0
2021-08-01,PWM,0.0
2021-08-02,SEA,0.0625
2021-08-02,PWM,0.0
2021-08-03,SEA,0.0
2021-08-03,PWM,0.0
2021-08-04,SEA,0.02
2021-08-04,PWM,0.0
2021-08-05,SEA,0.0
2021-08-05,PWM,0.56
2021-08-06,SEA,0.06
2021-08-06,PWM,0.0
2021-08-07,SEA,0.01
2021-08-07,PWM,0.0
2021-08-08,SEA,0.04
2021-08-08,PWM,0.0
2021-08-09,SEA,0.01
2021-08-09,PWM,0.0
2021-08-10,SEA,0.0
2021-08-10,PWM,0.0
2021-08-11,SEA,0.0
2021-08-11,PWM,0.0
2021-08-12,SEA,0.0
2021-08-12,PWM,0.0
2021-08-13,SEA,0.0
2021-08-13,PWM,0.0
2021-08-14,SEA,0.0
2021-08-14,PWM,0.0
2021-08-15,SEA,0.0
2021-08-15,PWM,0.0
2021-08-16,SEA,0.0
2021-08-16,PWM,0.0
2021-08-17,SEA,0.0
2021-08-17,PWM,0.0
2021-08-18,SEA,0.0
2021-08-18,PWM,0.0
2021-08-19,SEA,0.0033333333333333335
2021-08-19,PWM,0.95
2021-08-20,SEA,0.03
2021-08-20,PWM,0.0
2021-08-21,SEA,0.016666666666666666
2021-08-21,PWM,0.0
2021-08-22,SEA,0.04
2021-08-22,PWM,0.57
2021-08-23,SEA,0.0
2021-08-23,PWM,0.0
2021-08-24,SEA,0.0
2021-08-24,PWM,0.09
2021-08-25,SEA,0.0
2021-08-25,PWM,0.0
2021-08-26,SEA,0.0025
2021-08-26,PWM,0.0
2021-08-27,SEA,0.08
2021-08-27,PWM,0.0
2021-08-28,SEA,0.0
2021-08-28,PWM,0.0
2021-08-29,SEA,0.0
2021-08-29,PWM,0.0
2021-08-30,SEA,0.055
2021-08-30,PWM,0.02
2021-08-31,SEA,0.02
2021-08-31,PWM,0.0
2021-09-01,SEA,0.0
2021-09-01,PWM,0.27
2021-09-02,SEA,0.0
2021-09-02,PWM,1.53
2021-09-03,SEA,0.0
2021-09-03,PWM,0.0
2021-09-04,SEA,0.0
2021-09-04,PWM,0.0
2021-09-05,SEA,0.0
2021-09-05,PWM,0.12
2021-09-06,SEA,0.02
2021-09-06,PWM,0.25
2021-09-07,SEA,0.0
2021-09-07,PWM,0.0
2021-09-08,SEA,0.01
2021-09-08,PWM,0.0
2021-09-09,SEA,0.0
2021-09-09,PWM,0.64
2021-09-10,SEA,0.0
2021-09-10,PWM,0.38
2021-09-11,SEA,0.03
2021-09-11,PWM,0.0
2021-09-12,SEA,0.03
2021-09-12,PWM,0.0
2021-09-13,SEA,0.02
2021-09-13,PWM,0.01
2021-09-14,SEA,0.0
2021-09-14,PWM,0.0
2021-09-15,SEA,0.0
2021-09-15,PWM,0.17
2021-09-16,SEA,0.0
2021-09-16,PWM,0.03
2021-09-17,SEA,0.03
2021-09-17,PWM,0.0
2021-09-18,SEA,0.85
2021-09-18,PWM,0.17
2021-09-19,SEA,0.3
2021-09-19,PWM,0.0
2021-09-20,SEA,0.13
2021-09-20,PWM,0.0
2021-09-21,SEA,0.0
2021-09-21,PWM,0.0
2021-09-22,SEA,0.0
2021-09-22,PWM,0.0
2021-09-23,SEA,0.0
2021-09-23,PWM,0.0
2021-09-24,SEA,0.0
2021-09-24,PWM,0.2
2021-09-25,SEA,0.0
2021-09-25,PWM,0.01
2021-09-26,SEA,0.0
2021-09-26,PWM,0.47
2021-09-27,SEA,0.71
2021-09-27,PWM,0.0
2021-09-28,SEA,0.34
2021-09-28,PWM,0.0
2021-09-29,SEA,0.02
2021-09-29,PWM,0.0
2021-09-30,SEA,0.22
2021-09-30,PWM,0.03
2021-10-01,SEA,0.28
2021-10-01,PWM,0.0
2021-10-02,SEA,0.0
2021-10-02,PWM,0.01
2021-10-03,SEA,0.0
2021-10-03,PWM,0.03
2021-10-04,SEA,0.0
2021-10-04,PWM,0.05
2021-10-05,SEA,0.19
2021-10-05,PWM,0.0
2021-10-06,SEA,0.13
2021-10-06,PWM,0.0
2021-10-07,SEA,0.0
2021-10-07,PWM,0.0
2021-10-08,SEA,0.0
2021-10-08,PWM,0.0
2021-10-09,SEA,0.0
2021-10-09,PWM,0.0
2021-10-10,SEA,0.14
2021-10-10,PWM,0.0
2021-10-11,SEA,0.12
2021-10-11,PWM,0.0
2021-10-12,SEA,0.0
2021-10-12,PWM,0.0
2021-10-13,SEA,0.05
2021-10-13,PWM,0.0
2021-10-14,SEA,0.06
2021-10-14,PWM,0.0
2021-10-15,SEA,0.02
2021-10-15,PWM,0.0
2021-10-16,SEA,0.02
2021-10-16,PWM,1.2
2021-10-17,SEA,0.0
2021-10-17,PWM,0.27
2021-10-18,SEA,0.02
2021-10-18,PWM,0.0
2021-10-19,SEA,0.0
2021-10-19,PWM,0.0
2021-10-20,SEA,0.19
2021-10-20,PWM,0.0
2021-10-21,SEA,0.07
2021-10-21,PWM,0.01
2021-10-22,SEA,0.64
2021-10-22,PWM,0.01
2021-10-23,SEA,0.03
2021-10-23,PWM,0.0
2021-10-24,SEA,0.19
2021-10-24,PWM,0.0
2021-10-25,SEA,0.32
2021-10-25,PWM,0.21
2021-10-26,SEA,0.14
2021-10-26,PWM,1.0
2021-10-27,SEA,0.1
2021-10-27,PWM,0.22
2021-10-28,SEA,0.49
2021-10-28,PWM,0.0
2021-10-29,SEA,2.0
2021-10-29,PWM,0.0
2021-10-30,SEA,0.08
2021-10-30,PWM,2.78
2021-10-31,SEA,0.0
2021-10-31,PWM,1.39
2021-11-01,SEA,0.0
2021-11-01,PWM,0.0
2021-11-02,SEA,0.12
2021-11-02,PWM,0.0
2021-11-03,SEA,0.18
2021-11-03,PWM,0.0
2021-11-04,SEA,0.61
2021-11-04,PWM,0.0
2021-11-05,SEA,0.57
2021-11-05,PWM,0.0
2021-11-06,SEA,0.04
2021-11-06,PWM,0.0
2021-11-07,SEA,0.64
2021-11-07,PWM,0.0
2021-11-08,SEA,0.23
2021-11-08,PWM,0.0
2021-11-09,SEA,0.31
2021-11-09,PWM,0.0
2021-11-10,SEA,0.38
2021-11-10,PWM,0.05
2021-11-11,SEA,0.14
2021-11-11,PWM,0.0
2021-11-12,SEA,1.06
2021-11-12,PWM,1.42
2021-11-13,SEA,0.4
2021-11-13,PWM,0.35
2021-11-14,SEA,0.59
2021-11-14,PWM,0.0
2021-11-15,SEA,0.59
2021-11-15,PWM,0.14
2021-11-16,SEA,0.3
2021-11-16,PWM,0.0
2021-11-17,SEA,0.02
2021-11-17,PWM,0.0
2021-11-18,SEA,0.0
2021-11-18,PWM,0.04
2021-11-19,SEA,0.52
2021-11-19,PWM,0.25
2021-11-20,SEA,0.1
2021-11-20,PWM,0.0
2021-11-21,SEA,0.0
2021-11-21,PWM,0.32
2021-11-22,SEA,0.0
2021-11-22,PWM,0.52
2021-11-23,SEA,0.53
2021-11-23,PWM,0.0
2021-11-24,SEA,0.02
2021-11-24,PWM,0.0
2021-11-25,SEA,0.22
2021-11-25,PWM,0.0
2021-11-26,SEA,0.55
2021-11-26,PWM,0.23
2021-11-27,SEA,0.04
2021-11-27,PWM,0.13
2021-11-28,SEA,0.42
2021-11-28,PWM,0.0
2021-11-29,SEA,0.14
2021-11-29,PWM,0.0
2021-11-30,SEA,0.04
2021-11-30,PWM,0.0
2021-12-01,SEA,0.03
2021-12-01,PWM,0.0
2021-12-02,SEA,0.09
2021-12-02,PWM,0.28
2021-12-03,SEA,0.22
2021-12-03,PWM,0.0
2021-12-04,SEA,0.15
2021-12-04,PWM,0.0
2021-12-05,SEA,0.34
2021-12-05,PWM,0.0
2021-12-06,SEA,0.02
2021-12-06,PWM,0.45
2021-12-07,SEA,0.14
2021-12-07,PWM,0.0
2021-12-08,SEA,0.04
2021-12-08,PWM,0.04
2021-12-09,SEA,0.07
2021-12-09,PWM,0.0
2021-12-10,SEA,0.02
2021-12-10,PWM,0.02
2021-12-11,SEA,0.83
2021-12-11,PWM,0.67
2021-12-12,SEA,0.09
2021-12-12,PWM,0.1
2021-12-13,SEA,0.37
2021-12-13,PWM,0.0
2021-12-14,SEA,0.1
2021-12-14,PWM,0.0
2021-12-15,SEA,0.12
2021-12-15,PWM,0.17
2021-12-16,SEA,0.11
2021-12-16,PWM,0.42
2021-12-17,SEA,0.04
2021-12-17,PWM,0.0
2021-12-18,SEA,0.54
2021-12-18,PWM,0.37
2021-12-19,SEA,0.33
2021-12-19,PWM,0.24
2021-12-20,SEA,0.02
2021-12-20,PWM,0.0
2021-12-21,SEA,0.02
2021-12-21,PWM,0.0
2021-12-22,SEA,0.4
2021-12-22,PWM,0.36
2021-12-23,SEA,0.56
2021-12-23,PWM,0.0
2021-12-24,SEA,0.16
2021-12-24,PWM,0.0
2021-12-25,SEA,0.22
2021-12-25,PWM,0.31
2021-12-26,SEA,0.32
2021-12-26,PWM,0.16
2021-12-27,SEA,0.11
2021-12-27,PWM,0.0
2021-12-28,SEA,0.02
2021-12-28,PWM,0.09
2021-12-29,SEA,0.0
2021-12-29,PWM,0.02
2021-12-30,SEA,0.18
2021-12-30,PWM,0.05
2021-12-31,SEA,0.01
2021-12-31,PWM,0.01
2022-01-01,SEA,0.0
2022-01-01,PWM,0.07
2022-01-02,SEA,0.0
2022-01-02,PWM,0.07
2022-01-03,SEA,1.97
2022-01-03,PWM,0.0
2022-01-04,SEA,0.28
2022-01-04,PWM,0.0
2022-01-05,SEA,0.13
2022-01-05,PWM,0.21
2022-01-06,SEA,0.82
2022-01-06,PWM,0.0
2022-01-07,SEA,1.72
2022-01-07,PWM,0.4
2022-01-08,SEA,0.62
2022-01-08,PWM,0.0
2022-01-09,SEA,0.0
2022-01-09,PWM,0.02
2022-01-10,SEA,0.12
2022-01-10,PWM,0.0
2022-01-11,SEA,0.7
2022-01-11,PWM,0.0
2022-01-12,SEA,0.52
2022-01-12,PWM,0.0
2022-01-13,SEA,0.28
2022-01-13,PWM,0.0
2022-01-14,SEA,0.02
2022-01-14,PWM,0.0
2022-01-15,SEA,0.01
2022-01-15,PWM,0.0
2022-01-16,SEA,0.01
2022-01-16,PWM,0.0
2022-01-17,SEA,0.0
2022-01-17,PWM,1.04
2022-01-18,SEA,0.02
2022-01-18,PWM,0.0
2022-01-19,SEA,0.04
2022-01-19,PWM,0.0
2022-01-20,SEA,0.1
2022-01-20,PWM,0.0
2022-01-21,SEA,0.13
2022-01-21,PWM,0.0
2022-01-22,SEA,0.0
2022-01-22,PWM,0.0
2022-01-23,SEA,0.0
2022-01-23,PWM,0.0
2022-01-24,SEA,0.0
2022-01-24,PWM,0.02
2022-01-25,SEA,0.0
2022-01-25,PWM,0.04
2022-01-26,SEA,0.0
2022-01-26,PWM,0.0
2022-01-27,SEA,0.0
2022-01-27,PWM,0.0
2022-01-28,SEA,0.0
2022-01-28,PWM,0.0
2022-01-29,SEA,0.0
2022-01-29,PWM,0.86
2022-01-30,SEA,0.01
2022-01-30,PWM,0.0
2022-01-31,SEA,0.28
2022-01-31,PWM,0.0
2022-02-01,SEA,0.01
2022-02-01,PWM,0.0
2022-02-02,SEA,0.03
2022-02-02,PWM,0.0
2022-02-03,SEA,0.09
2022-02-03,PWM,0.47
2022-02-04,SEA,0.04
2022-02-04,PWM,1.59
2022-02-05,SEA,0.02
2022-02-05,PWM,0.0
2022-02-06,SEA,0.01
2022-02-06,PWM,0.0
2022-02-07,SEA,0.0
2022-02-07,PWM,0.28
2022-02-08,SEA,0.01
2022-02-08,PWM,0.39
2022-02-09,SEA,0.02
2022-02-09,PWM,0.0
2022-02-10,SEA,0.03
2022-02-10,PWM,0.02
2022-02-11,SEA,0.02
2022-02-11,PWM,0.0
2022-02-12,SEA,0.0
2022-02-12,PWM,0.0
2022-02-13,SEA,0.0
2022-02-13,PWM,0.01
2022-02-14,SEA,0.04
2022-02-14,PWM,0.0
2022-02-15,SEA,0.14
2022-02-15,PWM,0.0
2022-02-16,SEA,0.02
2022-02-16,PWM,0.0
2022-02-17,SEA,0.0
2022-02-17,PWM,0.0
2022-02-18,SEA,0.0
2022-02-18,PWM,0.08
2022-02-19,SEA,0.03
2022-02-19,PWM,0.01
2022-02-20,SEA,0.14
2022-02-20,PWM,0.0
2022-02-21,SEA,0.19
2022-02-21,PWM,0.0
2022-02-22,SEA,0.06
2022-02-22,PWM,0.64
2022-02-23,SEA,0.0
2022-02-23,PWM,0.01
2022-02-24,SEA,0.0
2022-02-24,PWM,0.0
2022-02-25,SEA,0.0
2022-02-25,PWM,0.47
2022-02-26,SEA,0.0
2022-02-26,PWM,0.0
2022-02-27,SEA,0.61
2022-02-27,PWM,0.0
2022-02-28,SEA,1.89
2022-02-28,PWM,0.0
2022-03-01,SEA,1.03
2022-03-01,PWM,0.21
2022-03-02,SEA,0.01
2022-03-02,PWM,0.0
2022-03-03,SEA,0.32
2022-03-03,PWM,0.09
2022-03-04,SEA,0.04
2022-03-04,PWM,0.0
2022-03-05,SEA,0.04
2022-03-05,PWM,0.0
2022-03-06,SEA,0.0
2022-03-06,PWM,0.04
2022-03-07,SEA,0.0
2022-03-07,PWM,0.42
2022-03-08,SEA,0.11
2022-03-08,PWM,0.0
2022-03-09,SEA,0.05
2022-03-09,PWM,0.06
2022-03-10,SEA,0.0
2022-03-10,PWM,0.0
2022-03-11,SEA,0.0
2022-03-11,PWM,0.0
2022-03-12,SEA,0.0
2022-03-12,PWM,0.42
2022-03-13,SEA,0.1
2022-03-13,PWM,0.0
2022-03-14,SEA,0.05
2022-03-14,PWM,0.0
2022-03-15,SEA,0.52
2022-03-15,PWM,0.2
2022-03-16,SEA,0.06
2022-03-16,PWM,0.04
2022-03-17,SEA,0.0
2022-03-17,PWM,0.0
2022-03-18,SEA,0.0
2022-03-18,PWM,0.0
2022-03-19,SEA,0.0525
2022-03-19,PWM,0.6
2022-03-20,SEA,0.0
2022-03-20,PWM,0.01
2022-03-21,SEA,0.0
2022-03-21,PWM,0.0
2022-03-22,SEA,0.14250000000000002
2022-03-22,PWM,0.0
2022-03-23,SEA,0.09
2022-03-23,PWM,0.0
2022-03-24,SEA,0.21
2022-03-24,PWM,0.38
2022-03-25,SEA,0.11333333333333334
2022-03-25,PWM,0.38
2022-03-26,SEA,0.08
2022-03-26,PWM,0.0
2022-03-27,SEA,0.006666666666666667
2022-03-27,PWM,0.06
2022-03-28,SEA,0.0
2022-03-28,PWM,0.0
2022-03-29,SEA,0.0
2022-03-29,PWM,0.0
2022-03-30,SEA,0.0
2022-03-30,PWM,0.0
2022-03-31,SEA,0.25
2022-03-31,PWM,0.15
2022-04-01,SEA,0.0
2022-04-01,PWM,0.33
2022-04-02,SEA,0.1
2022-04-02,PWM,0.0
2022-04-03,SEA,0.02
2022-04-03,PWM,0.0
2022-04-04,SEA,0.88
2022-04-04,PWM,0.0
2022-04-05,SEA,0.08
2022-04-05,PWM,0.0
2022-04-06,SEA,0.01
2022-04-06,PWM,0.0
2022-04-07,SEA,0.0
2022-04-07,PWM,0.0
2022-04-08,SEA,0.05
2022-04-08,PWM,2.11
2022-04-09,SEA,0.01
2022-04-09,PWM,0.33
2022-04-10,SEA,0.48
2022-04-10,PWM,0.0
2022-04-11,SEA,0.07
2022-04-11,PWM,0.0
2022-04-12,SEA,0.0
2022-04-12,PWM,0.14
2022-04-13,SEA,0.0
2022-04-13,PWM,0.01
2022-04-14,SEA,0.0
2022-04-14,PWM,0.06
2022-04-15,SEA,0.02
2022-04-15,PWM,0.0
2022-04-16,SEA,0.0
2022-04-16,PWM,0.47
2022-04-17,SEA,0.14
2022-04-17,PWM,0.0
2022-04-18,SEA,0.08
2022-04-18,PWM,0.0
2022-04-19,SEA,0.31
2022-04-19,PWM,0.8
2022-04-20,SEA,0.01
2022-04-20,PWM,0.0
2022-04-21,SEA,0.18
2022-04-21,PWM,0.0
2022-04-22,SEA,0.38
2022-04-22,PWM,0.02
2022-04-23,SEA,0.02
2022-04-23,PWM,0.0
2022-04-24,SEA,0.0
2022-04-24,PWM,0.0
2022-04-25,SEA,0.16
2022-04-25,PWM,0.0
2022-04-26,SEA,0.01
2022-04-26,PWM,0.21
2022-04-27,SEA,0.03
2022-04-27,PWM,0.52
2022-04-28,SEA,0.02
2022-04-28,PWM,0.0
2022-04-29,SEA,0.0
2022-04-29,PWM,0.0
2022-04-30,SEA,0.36
2022-04-30,PWM,0.0
2022-05-01,SEA,0.05
2022-05-01,PWM,0.0
2022-05-02,SEA,0.3
2022-05-02,PWM,0.0
2022-05-03,SEA,0.12
2022-05-03,PWM,0.0
2022-05-04,SEA,0.01
2022-05-04,PWM,0.5
2022-05-05,SEA,0.04
2022-05-05,PWM,0.0
2022-05-06,SEA,0.34
2022-05-06,PWM,0.0
2022-05-07,SEA,0.55
2022-05-07,PWM,0.0
2022-05-08,SEA,0.04
2022-05-08,PWM,0.0
2022-05-09,SEA,0.01
2022-05-09,PWM,0.0
2022-05-10,SEA,0.03
2022-05-10,PWM,0.0
2022-05-11,SEA,0.01
2022-05-11,PWM,0.0
2022-05-12,SEA,0.05
2022-05-12,PWM,0.0
2022-05-13,SEA,0.48
2022-05-13,PWM,0.0
2022-05-14,SEA,0.11
2022-05-14,PWM,0.0
2022-05-15,SEA,0.1
2022-05-15,PWM,0.03
2022-05-16,SEA,0.66
2022-05-16,PWM,0.16
2022-05-17,SEA,0.02
2022-05-17,PWM,0.0
2022-05-18,SEA,0.17
2022-05-18,PWM,0.0
2022-05-19,SEA,0.1
2022-05-19,PWM,0.25
2022-05-20,SEA,0.0
2022-05-20,PWM,0.0
2022-05-21,SEA,0.0
2022-05-21,PWM,0.0
2022-05-22,SEA,0.0
2022-05-22,PWM,0.1
2022-05-23,SEA,0.0
2022-05-23,PWM,0.0
2022-05-24,SEA,0.0
2022-05-24,PWM,0.0
2022-05-25,SEA,0.03
2022-05-25,PWM,0.0
2022-05-26,SEA,0.0
2022-05-26,PWM,0.0
2022-05-27,SEA,0.12
2022-05-27,PWM,0.0
2022-05-28,SEA,0.03
2022-05-28,PWM,0.08
2022-05-29,SEA,0.34
2022-05-29,PWM,0.0
2022-05-30,SEA,0.39
2022-05-30,PWM,0.0
2022-05-31,SEA,0.08
2022-05-31,PWM,0.0
2022-06-01,SEA,0.0
2022-06-01,PWM,0.03
2022-06-02,SEA,0.04
2022-06-02,PWM,0.23
2022-06-03,SEA,0.21
2022-06-03,PWM,0.12
2022-06-04,SEA,0.11
2022-06-04,PWM,0.0
2022-06-05,SEA,0.61
2022-06-05,PWM,0.0
2022-06-06,SEA,0.28
2022-06-06,PWM,0.0
2022-06-07,SEA,0.0
2022-06-07,PWM,0.0
2022-06-08,SEA,0.01
2022-06-08,PWM,0.38
2022-06-09,SEA,0.08
2022-06-09,PWM,0.69
2022-06-10,SEA,1.07
2022-06-10,PWM,0.0
2022-06-11,SEA,0.13
2022-06-11,PWM,0.0
2022-06-12,SEA,0.07
2022-06-12,PWM,0.0
2022-06-13,SEA,0.25
2022-06-13,PWM,0.26
2022-06-14,SEA,0.1
2022-06-14,PWM,0.0
2022-06-15,SEA,0.0
2022-06-15,PWM,0.0
2022-06-16,SEA,0.03
2022-06-16,PWM,0.0
2022-06-17,SEA,0.01
2022-06-17,PWM,0.76
2022-06-18,SEA,0.14
2022-06-18,PWM,0.0
2022-06-19,SEA,0.04
2022-06-19,PWM,0.07
2022-06-20,SEA,0.0
2022-06-20,PWM,0.0
2022-06-21,SEA,0.0
2022-06-21,PWM,0.0
2022-06-22,SEA,0.03
2022-06-22,PWM,0.0
2022-06-23,SEA,0.03
2022-06-23,PWM,0.0
2022-06-24,SEA,0.0
2022-06-24,PWM,0.0
2022-06-25,SEA,0.0
2022-06-25,PWM,0.0
2022-06-26,SEA,0.0
2022-06-26,PWM,0.0
2022-06-27,SEA,0.0
2022-06-27,PWM,0.06
2022-06-28,SEA,0.0
2022-06-28,PWM,0.01
2022-06-29,SEA,0.0
2022-06-29,PWM,0.01
2022-06-30,SEA,0.0
2022-06-30,PWM,0.0
2022-07-01,SEA,0.0
2022-07-01,PWM,0.0
2022-07-02,SEA,0.0
2022-07-02,PWM,0.0
2022-07-03,SEA,0.02
2022-07-03,PWM,0.0
2022-07-04,SEA,0.12
2022-07-04,PWM,0.0
2022-07-05,SEA,0.05
2022-07-05,PWM,0.34
2022-07-06,SEA,0.06
2022-07-06,PWM,0.04
2022-07-07,SEA,0.04
2022-07-07,PWM,0.0
2022-07-08,SEA,0.0
2022-07-08,PWM,0.0
2022-07-09,SEA,0.0
2022-07-09,PWM,0.0
2022-07-10,SEA,0.0
2022-07-10,PWM,0.0
2022-07-11,SEA,0.0
2022-07-11,PWM,0.0
2022-07-12,SEA,0.0
2022-07-12,PWM,0.14
2022-07-13,SEA,0.0
2022-07-13,PWM,0.0
2022-07-14,SEA,0.0
2022-07-14,PWM,0.23
2022-07-15,SEA,0.0
2022-07-15,PWM,0.0
2022-07-16,SEA,0.0
2022-07-16,PWM,0.0
2022-07-17,SEA,0.0
2022-07-17,PWM,0.0
2022-07-18,SEA,0.02
2022-07-18,PWM,0.21
2022-07-19,SEA,0.0
2022-07-19,PWM,0.02
2022-07-20,SEA,0.0
2022-07-20,PWM,0.0
2022-07-21,SEA,0.0
2022-07-21,PWM,0.0
2022-07-22,SEA,0.0
2022-07-22,PWM,0.0
2022-07-23,SEA,0.0
2022-07-23,PWM,0.0
2022-07-24,SEA,0.0
2022-07-24,PWM,0.0
2022-07-25,SEA,0.0
2022-07-25,PWM,0.03
2022-07-26,SEA,0.0
2022-07-26,PWM,0.0
2022-07-27,SEA,0.0
2022-07-27,PWM,0.0
2022-07-28,SEA,0.0
2022-07-28,PWM,0.27
2022-07-29,SEA,0.0
2022-07-29,PWM,0.0
2022-07-30,SEA,0.0
2022-07-30,PWM,0.0
2022-07-31,SEA,0.0
2022-07-31,PWM,0.0
2022-08-01,SEA,0.0
2022-08-01,PWM,0.0
2022-08-02,SEA,0.0
2022-08-02,PWM,0.0
2022-08-03,SEA,0.0
2022-08-03,PWM,0.0
2022-08-04,SEA,0.0
2022-08-04,PWM,0.0
2022-08-05,SEA,0.07
2022-08-05,PWM,0.0
2022-08-06,SEA,0.0
2022-08-06,PWM,0.0
2022-08-07,SEA,0.0
2022-08-07,PWM,0.07
2022-08-08,SEA,0.0
2022-08-08,PWM,0.19
2022-08-09,SEA,0.0
2022-08-09,PWM,0.0
2022-08-10,SEA,0.01
2022-08-10,PWM,0.0
2022-08-11,SEA,0.05
2022-08-11,PWM,0.0
2022-08-12,SEA,0.0
2022-08-12,PWM,0.0
2022-08-13,SEA,0.0
2022-08-13,PWM,0.0
2022-08-14,SEA,0.0
2022-08-14,PWM,0.0
2022-08-15,SEA,0.0
2022-08-15,PWM,0.0
2022-08-16,SEA,0.0
2022-08-16,PWM,0.0
2022-08-17,SEA,0.0
2022-08-17,PWM,0.38
2022-08-18,SEA,0.0
2022-08-18,PWM,0.13
2022-08-19,SEA,0.01
2022-08-19,PWM,0.0
2022-08-20,SEA,0.05
2022-08-20,PWM,0.0
2022-08-21,SEA,0.0
2022-08-21,PWM,0.0
2022-08-22,SEA,0.0
2022-08-22,PWM,2.19
2022-08-23,SEA,0.0
2022-08-23,PWM,0.0
2022-08-24,SEA,0.0
2022-08-24,PWM,0.0
2022-08-25,SEA,0.0
2022-08-25,PWM,0.0
2022-08-26,SEA,0.0
2022-08-26,PWM,1.52
2022-08-27,SEA,0.05
2022-08-27,PWM,0.0
2022-08-28,SEA,0.0
2022-08-28,PWM,0.0
2022-08-29,SEA,0.0
2022-08-29,PWM,0.0
2022-08-30,SEA,0.0
2022-08-30,PWM,0.0
2022-08-31,SEA,0.0
2022-08-31,PWM,1.15
2022-09-01,SEA,0.0
2022-09-01,PWM,0.0
2022-09-02,SEA,0.0
2022-09-02,PWM,0.0
2022-09-03,SEA,0.02
2022-09-03,PWM,0.0
2022-09-04,SEA,0.03
2022-09-04,PWM,0.0
2022-09-05,SEA,0.02
2022-09-05,PWM,0.46
2022-09-06,SEA,0.0
2022-09-06,PWM,0.93
2022-09-07,SEA,0.0
2022-09-07,PWM,0.0
2022-09-08,SEA,0.0
2022-09-08,PWM,0.0
2022-09-09,SEA,0.0
2022-09-09,PWM,0.0
2022-09-10,SEA,0.0
2022-09-10,PWM,0.0
2022-09-11,SEA,0.0
2022-09-11,PWM,0.0
2022-09-12,SEA,0.0
2022-09-12,PWM,0.0
2022-09-13,SEA,0.0
2022-09-13,PWM,0.01
2022-09-14,SEA,0.0
2022-09-14,PWM,0.0
2022-09-15,SEA,0.0
2022-09-15,PWM,0.0
2022-09-16,SEA,0.0
2022-09-16,PWM,0.0
2022-09-17,SEA,0.0
2022-09-17,PWM,0.0
2022-09-18,SEA,0.0
2022-09-18,PWM,0.42
2022-09-19,SEA,0.0
2022-09-19,PWM,1.15
2022-09-20,SEA,0.0
2022-09-20,PWM,0.03
2022-09-21,SEA,0.0
2022-09-21,PWM,0.0
2022-09-22,SEA,0.0
2022-09-22,PWM,1.07
2022-09-23,SEA,0.0
2022-09-23,PWM,0.0
2022-09-24,SEA,0.0
2022-09-24,PWM,0.0
2022-09-25,SEA,0.0
2022-09-25,PWM,0.04
2022-09-26,SEA,0.0
2022-09-26,PWM,0.09
2022-09-27,SEA,0.0
2022-09-27,PWM,0.0
2022-09-28,SEA,0.0
2022-09-28,PWM,0.0
2022-09-29,SEA,0.03
2022-09-29,PWM,0.0
2022-09-30,SEA,0.0
2022-09-30,PWM,0.0
2022-10-01,SEA,0.0
2022-10-01,PWM,0.0
2022-10-02,SEA,0.0
2022-10-02,PWM,0.0
2022-10-03,SEA,0.0
2022-10-03,PWM,0.0
2022-10-04,SEA,0.0
2022-10-04,PWM,0.0
2022-10-05,SEA,0.01
2022-10-05,PWM,0.16
2022-10-06,SEA,0.0
2022-10-06,PWM,0.0
2022-10-07,SEA,0.0
2022-10-07,PWM,0.0
2022-10-08,SEA,0.0
2022-10-08,PWM,0.0
2022-10-09,SEA,0.0
2022-10-09,PWM,0.0
2022-10-10,SEA,0.0
2022-10-10,PWM,0.05
2022-10-11,SEA,0.0
2022-10-11,PWM,0.0
2022-10-12,SEA,0.0
2022-10-12,PWM,0.0
2022-10-13,SEA,0.0
2022-10-13,PWM,0.48
2022-10-14,SEA,0.0
2022-10-14,PWM,2.79
2022-10-15,SEA,0.0
2022-10-15,PWM,0.0
2022-10-16,SEA,0.0
2022-10-16,PWM,0.0
2022-10-17,SEA,0.0
2022-10-17,PWM,1.27
2022-10-18,SEA,0.0
2022-10-18,PWM,1.49
2022-10-19,SEA,0.0
2022-10-19,PWM,0.0
2022-10-20,SEA,0.0
2022-10-20,PWM,0.0
2022-10-21,SEA,0.0
2022-10-21,PWM,0.0
2022-10-22,SEA,0.42
2022-10-22,PWM,0.0
2022-10-23,SEA,0.27
2022-10-23,PWM,0.02
2022-10-24,SEA,0.1
2022-10-24,PWM,0.5
2022-10-25,SEA,0.11
2022-10-25,PWM,0.22
2022-10-26,SEA,0.41
2022-10-26,PWM,0.85
2022-10-27,SEA,0.01
2022-10-27,PWM,0.0
2022-10-28,SEA,0.58
2022-10-28,PWM,0.0
2022-10-29,SEA,0.02
2022-10-29,PWM,0.0
2022-10-30,SEA,0.02
2022-10-30,PWM,0.0
2022-10-31,SEA,0.9
2022-10-31,PWM,0.0
2022-11-01,SEA,0.02
2022-11-01,PWM,0.0
2022-11-02,SEA,0.28
2022-11-02,PWM,0.0
2022-11-03,SEA,0.23
2022-11-03,PWM,0.0
2022-11-04,SEA,0.37
2022-11-04,PWM,0.0
2022-11-05,SEA,0.02
2022-11-05,PWM,0.0
2022-11-06,SEA,0.9
2022-11-06,PWM,0.0
2022-11-07,SEA,0.21
2022-11-07,PWM,0.01
2022-11-08,SEA,0.25
2022-11-08,PWM,0.0
2022-11-09,SEA,0.01
2022-11-09,PWM,0.0
2022-11-10,SEA,0.0
2022-11-10,PWM,0.0
2022-11-11,SEA,0.0
2022-11-11,PWM,1.11
2022-11-12,SEA,0.0
2022-11-12,PWM,0.06
2022-11-13,SEA,0.0
2022-11-13,PWM,0.73
2022-11-14,SEA,0.0
2022-11-14,PWM,0.0
2022-11-15,SEA,0.0
2022-11-15,PWM,0.03
2022-11-16,SEA,0.0
2022-11-16,PWM,1.29
2022-11-17,SEA,0.0
2022-11-17,PWM,0.0
2022-11-18,SEA,0.0
2022-11-18,PWM,0.0
2022-11-19,SEA,0.0
2022-11-19,PWM,0.0
2022-11-20,SEA,0.0
2022-11-20,PWM,0.0
2022-11-21,SEA,0.01
2022-11-21,PWM,0.0
2022-11-22,SEA,0.17
2022-11-22,PWM,0.0
2022-11-23,SEA,0.98
2022-11-23,PWM,0.0
2022-11-24,SEA,0.0
2022-11-24,PWM,0.0
2022-11-25,SEA,0.22
2022-11-25,PWM,0.05
2022-11-26,SEA,0.7
2022-11-26,PWM,0.0
2022-11-27,SEA,0.26
2022-11-27,PWM,0.91
2022-11-28,SEA,0.07
2022-11-28,PWM,0.06
2022-11-29,SEA,0.02
2022-11-29,PWM,0.01
2022-11-30,SEA,1.26
2022-11-30,PWM,0.98
2022-12-01,SEA,0.07
2022-12-01,PWM,0.0
2022-12-02,SEA,0.0
2022-12-02,PWM,0.0
2022-12-03,SEA,0.72
2022-12-03,PWM,0.29
2022-12-04,SEA,0.0
2022-12-04,PWM,0.0
2022-12-05,SEA,0.2
2022-12-05,PWM,0.0
2022-12-06,SEA,0.01
2022-12-06,PWM,0.04
2022-12-07,SEA,0.04
2022-12-07,PWM,1.01
2022-12-08,SEA,0.29
2022-12-08,PWM,0.0
2022-12-09,SEA,0.1
2022-12-09,PWM,0.0
2022-12-10,SEA,0.9
2022-12-10,PWM,0.0
2022-12-11,SEA,0.29
2022-12-11,PWM,0.02
2022-12-12,SEA,0.07
2022-12-12,PWM,0.0
2022-12-13,SEA,0.05
2022-12-13,PWM,0.01
2022-12-14,SEA,0.01
2022-12-14,PWM,0.0
2022-12-15,SEA,0.0
2022-12-15,PWM,0.0
2022-12-16,SEA,0.0
2022-12-16,PWM,1.2
2022-12-17,SEA,0.01
2022-12-17,PWM,0.25
2022-12-18,SEA,0.06
2022-12-18,PWM,0.0
2022-12-19,SEA,0.08
2022-12-19,PWM,0.0
2022-12-20,SEA,0.25
2022-12-20,PWM,0.0
2022-12-21,SEA,0.31
2022-12-21,PWM,0.0
2022-12-22,SEA,0.03
2022-12-22,PWM,0.03
2022-12-23,SEA,0.27
2022-12-23,PWM,1.07
2022-12-24,SEA,0.52
2022-12-24,PWM,0.0
2022-12-25,SEA,0.86
2022-12-25,PWM,0.0
2022-12-26,SEA,1.37
2022-12-26,PWM,0.0
2022-12-27,SEA,0.78
2022-12-27,PWM,0.0
2022-12-28,SEA,0.4
2022-12-28,PWM,0.01
2022-12-29,SEA,0.03
2022-12-29,PWM,0.0
2022-12-30,SEA,0.62
2022-12-30,PWM,0.0
2022-12-31,SEA,0.17
2022-12-31,PWM,0.05
